date_time,water_surface_height_above_reference_datum (m)
2016-09-26 12:00:00,0.572
2016-09-26 12:06:00,0.559
2016-09-26 12:12:00,0.541
2016-09-26 12:18:00,0.514
2016-09-26 12:24:00,0.5
2016-09-26 12:30:00,0.475
2016-09-26 12:36:00,0.47
2016-09-26 12:42:00,0.446
2016-09-26 12:48:00,0.44
2016-09-26 12:54:00,0.414
2016-09-26 13:00:00,0.41
2016-09-26 13:06:00,0.39
2016-09-26 13:12:00,0.366
2016-09-26 13:18:00,0.359
2016-09-26 13:24:00,0.351
2016-09-26 13:30:00,0.343
2016-09-26 13:36:00,0.332
2016-09-26 13:42:00,0.318
2016-09-26 13:48:00,0.322
2016-09-26 13:54:00,0.303
2016-09-26 14:00:00,0.286
2016-09-26 14:06:00,0.28
2016-09-26 14:12:00,0.28
2016-09-26 14:18:00,0.281
2016-09-26 14:24:00,0.288
2016-09-26 14:30:00,0.276
2016-09-26 14:36:00,0.258
2016-09-26 14:42:00,0.269
2016-09-26 14:48:00,0.274
2016-09-26 14:54:00,0.273
2016-09-26 15:00:00,0.268
2016-09-26 15:06:00,0.268
2016-09-26 15:12:00,0.281
2016-09-26 15:18:00,0.284
2016-09-26 15:24:00,0.283
2016-09-26 15:30:00,0.285
2016-09-26 15:36:00,0.3
2016-09-26 15:42:00,0.318
2016-09-26 15:48:00,0.321
2016-09-26 15:54:00,0.321
2016-09-26 16:00:00,0.337
2016-09-26 16:06:00,0.353
2016-09-26 16:12:00,0.352
2016-09-26 16:18:00,0.372
2016-09-26 16:24:00,0.372
2016-09-26 16:30:00,0.394
2016-09-26 16:36:00,0.403
2016-09-26 16:42:00,0.417
2016-09-26 16:48:00,0.434
2016-09-26 16:54:00,0.442
2016-09-26 17:00:00,0.472
2016-09-26 17:06:00,0.475
2016-09-26 17:12:00,0.496
2016-09-26 17:18:00,0.518
2016-09-26 17:24:00,0.531
2016-09-26 17:30:00,0.544
2016-09-26 17:36:00,0.559
2016-09-26 17:42:00,0.584
2016-09-26 17:48:00,0.597
2016-09-26 17:54:00,0.615
2016-09-26 18:00:00,0.633
2016-09-26 18:06:00,0.66
2016-09-26 18:12:00,0.689
2016-09-26 18:18:00,0.703
2016-09-26 18:24:00,0.711
2016-09-26 18:30:00,0.726
2016-09-26 18:36:00,0.753
2016-09-26 18:42:00,0.763
2016-09-26 18:48:00,0.793
2016-09-26 18:54:00,0.804
2016-09-26 19:00:00,0.819
2016-09-26 19:06:00,0.846
2016-09-26 19:12:00,0.869
2016-09-26 19:18:00,0.873
2016-09-26 19:24:00,0.892
2016-09-26 19:30:00,0.904
2016-09-26 19:36:00,0.916
2016-09-26 19:42:00,0.929
2016-09-26 19:48:00,0.948
2016-09-26 19:54:00,0.967
2016-09-26 20:00:00,0.97
2016-09-26 20:06:00,0.99
2016-09-26 20:12:00,0.999
2016-09-26 20:18:00,1.013
2016-09-26 20:24:00,1.01
2016-09-26 20:30:00,1.022
2016-09-26 20:36:00,1.027
2016-09-26 20:42:00,1.024
2016-09-26 20:48:00,1.039
2016-09-26 20:54:00,1.043
2016-09-26 21:00:00,1.032
2016-09-26 21:06:00,1.044
2016-09-26 21:12:00,1.042
2016-09-26 21:18:00,1.046
2016-09-26 21:24:00,1.05
2016-09-26 21:30:00,1.043
2016-09-26 21:36:00,1.032
2016-09-26 21:42:00,1.029
2016-09-26 21:48:00,1.017
2016-09-26 21:54:00,1.018
2016-09-26 22:00:00,1.02
2016-09-26 22:06:00,1.0
2016-09-26 22:12:00,1.003
2016-09-26 22:18:00,0.994
2016-09-26 22:24:00,0.981
2016-09-26 22:30:00,0.956
2016-09-26 22:36:00,0.942
2016-09-26 22:42:00,0.938
2016-09-26 22:48:00,0.917
2016-09-26 22:54:00,0.91
2016-09-26 23:00:00,0.887
2016-09-26 23:06:00,0.862
2016-09-26 23:12:00,0.853
2016-09-26 23:18:00,0.837
2016-09-26 23:24:00,0.826
2016-09-26 23:30:00,0.8
2016-09-26 23:36:00,0.783
2016-09-26 23:42:00,0.768
2016-09-26 23:48:00,0.753
2016-09-26 23:54:00,0.733
2016-09-27 00:00:00,0.708
2016-09-27 00:06:00,0.692
2016-09-27 00:12:00,0.684
2016-09-27 00:18:00,0.653
2016-09-27 00:24:00,0.632
2016-09-27 00:30:00,0.611
2016-09-27 00:36:00,0.589
2016-09-27 00:42:00,0.579
2016-09-27 00:48:00,0.552
2016-09-27 00:54:00,0.538
2016-09-27 01:00:00,0.511
2016-09-27 01:06:00,0.497
2016-09-27 01:12:00,0.484
2016-09-27 01:18:00,0.459
2016-09-27 01:24:00,0.447
2016-09-27 01:30:00,0.432
2016-09-27 01:36:00,0.41
2016-09-27 01:42:00,0.388
2016-09-27 01:48:00,0.385
2016-09-27 01:54:00,0.373
2016-09-27 02:00:00,0.359
2016-09-27 02:06:00,0.345
2016-09-27 02:12:00,0.326
2016-09-27 02:18:00,0.328
2016-09-27 02:24:00,0.315
2016-09-27 02:30:00,0.303
2016-09-27 02:36:00,0.29
2016-09-27 02:42:00,0.277
2016-09-27 02:48:00,0.275
2016-09-27 02:54:00,0.266
2016-09-27 03:00:00,0.256
2016-09-27 03:06:00,0.257
2016-09-27 03:12:00,0.252
2016-09-27 03:18:00,0.257
2016-09-27 03:24:00,0.248
2016-09-27 03:30:00,0.246
2016-09-27 03:36:00,0.246
2016-09-27 03:42:00,0.251
2016-09-27 03:48:00,0.26
2016-09-27 03:54:00,0.246
2016-09-27 04:00:00,0.256
2016-09-27 04:06:00,0.26
2016-09-27 04:12:00,0.267
2016-09-27 04:18:00,0.274
2016-09-27 04:24:00,0.28
2016-09-27 04:30:00,0.299
2016-09-27 04:36:00,0.309
2016-09-27 04:42:00,0.318
2016-09-27 04:48:00,0.329
2016-09-27 04:54:00,0.337
2016-09-27 05:00:00,0.345
2016-09-27 05:06:00,0.362
2016-09-27 05:12:00,0.369
2016-09-27 05:18:00,0.387
2016-09-27 05:24:00,0.399
2016-09-27 05:30:00,0.414
2016-09-27 05:36:00,0.437
2016-09-27 05:42:00,0.448
2016-09-27 05:48:00,0.471
2016-09-27 05:54:00,0.482
2016-09-27 06:00:00,0.498
2016-09-27 06:06:00,0.526
2016-09-27 06:12:00,0.536
2016-09-27 06:18:00,0.555
2016-09-27 06:24:00,0.569
2016-09-27 06:30:00,0.588
2016-09-27 06:36:00,0.606
2016-09-27 06:42:00,0.626
2016-09-27 06:48:00,0.646
2016-09-27 06:54:00,0.668
2016-09-27 07:00:00,0.686
2016-09-27 07:06:00,0.701
2016-09-27 07:12:00,0.715
2016-09-27 07:18:00,0.743
2016-09-27 07:24:00,0.753
2016-09-27 07:30:00,0.772
2016-09-27 07:36:00,0.78
2016-09-27 07:42:00,0.807
2016-09-27 07:48:00,0.825
2016-09-27 07:54:00,0.834
2016-09-27 08:00:00,0.851
2016-09-27 08:06:00,0.868
2016-09-27 08:12:00,0.881
2016-09-27 08:18:00,0.892
2016-09-27 08:24:00,0.903
2016-09-27 08:30:00,0.91
2016-09-27 08:36:00,0.923
2016-09-27 08:42:00,0.931
2016-09-27 08:48:00,0.949
2016-09-27 08:54:00,0.959
2016-09-27 09:00:00,0.96
2016-09-27 09:06:00,0.964
2016-09-27 09:12:00,0.975
2016-09-27 09:18:00,0.971
2016-09-27 09:24:00,0.989
2016-09-27 09:30:00,0.99
2016-09-27 09:36:00,0.993
2016-09-27 09:42:00,0.989
2016-09-27 09:48:00,0.988
2016-09-27 09:54:00,0.991
2016-09-27 10:00:00,0.999
2016-09-27 10:06:00,0.999
2016-09-27 10:12:00,0.99
2016-09-27 10:18:00,0.983
2016-09-27 10:24:00,0.98
2016-09-27 10:30:00,0.974
2016-09-27 10:36:00,0.966
2016-09-27 10:42:00,0.952
2016-09-27 10:48:00,0.947
2016-09-27 10:54:00,0.937
2016-09-27 11:00:00,0.912
2016-09-27 11:06:00,0.902
2016-09-27 11:12:00,0.895
2016-09-27 11:18:00,0.885
2016-09-27 11:24:00,0.865
2016-09-27 11:30:00,0.858
2016-09-27 11:36:00,0.832
2016-09-27 11:42:00,0.823
2016-09-27 11:48:00,0.802
2016-09-27 11:54:00,0.789
2016-09-27 12:00:00,0.759
2016-09-27 12:06:00,0.747
2016-09-27 12:12:00,0.732
2016-09-27 12:18:00,0.71
2016-09-27 12:24:00,0.692
2016-09-27 12:30:00,0.673
2016-09-27 12:36:00,0.654
2016-09-27 12:42:00,0.639
2016-09-27 12:48:00,0.62
2016-09-27 12:54:00,0.599
2016-09-27 13:00:00,0.579
2016-09-27 13:06:00,0.564
2016-09-27 13:12:00,0.545
2016-09-27 13:18:00,0.524
2016-09-27 13:24:00,0.506
2016-09-27 13:30:00,0.487
2016-09-27 13:36:00,0.47
2016-09-27 13:42:00,0.447
2016-09-27 13:48:00,0.434
2016-09-27 13:54:00,0.416
2016-09-27 14:00:00,0.396
2016-09-27 14:06:00,0.383
2016-09-27 14:12:00,0.37
2016-09-27 14:18:00,0.357
2016-09-27 14:24:00,0.342
2016-09-27 14:30:00,0.33
2016-09-27 14:36:00,0.319
2016-09-27 14:42:00,0.306
2016-09-27 14:48:00,0.3
2016-09-27 14:54:00,0.296
2016-09-27 15:00:00,0.289
2016-09-27 15:06:00,0.285
2016-09-27 15:12:00,0.276
2016-09-27 15:18:00,0.269
2016-09-27 15:24:00,0.256
2016-09-27 15:30:00,0.259
2016-09-27 15:36:00,0.254
2016-09-27 15:42:00,0.245
2016-09-27 15:48:00,0.239
2016-09-27 15:54:00,0.25
2016-09-27 16:00:00,0.253
2016-09-27 16:06:00,0.256
2016-09-27 16:12:00,0.262
2016-09-27 16:18:00,0.268
2016-09-27 16:24:00,0.279
2016-09-27 16:30:00,0.284
2016-09-27 16:36:00,0.284
2016-09-27 16:42:00,0.296
2016-09-27 16:48:00,0.304
2016-09-27 16:54:00,0.321
2016-09-27 17:00:00,0.329
2016-09-27 17:06:00,0.339
2016-09-27 17:12:00,0.356
2016-09-27 17:18:00,0.372
2016-09-27 17:24:00,0.388
2016-09-27 17:30:00,0.4
2016-09-27 17:36:00,0.41
2016-09-27 17:42:00,0.432
2016-09-27 17:48:00,0.445
2016-09-27 17:54:00,0.461
2016-09-27 18:00:00,0.485
2016-09-27 18:06:00,0.501
2016-09-27 18:12:00,0.519
2016-09-27 18:18:00,0.539
2016-09-27 18:24:00,0.561
2016-09-27 18:30:00,0.58
2016-09-27 18:36:00,0.6
2016-09-27 18:42:00,0.612
2016-09-27 18:48:00,0.634
2016-09-27 18:54:00,0.653
2016-09-27 19:00:00,0.671
2016-09-27 19:06:00,0.697
2016-09-27 19:12:00,0.716
2016-09-27 19:18:00,0.735
2016-09-27 19:24:00,0.758
2016-09-27 19:30:00,0.777
2016-09-27 19:36:00,0.799
2016-09-27 19:42:00,0.822
2016-09-27 19:48:00,0.843
2016-09-27 19:54:00,0.849
2016-09-27 20:00:00,0.873
2016-09-27 20:06:00,0.896
2016-09-27 20:12:00,0.909
2016-09-27 20:18:00,0.929
2016-09-27 20:24:00,0.945
2016-09-27 20:30:00,0.968
2016-09-27 20:36:00,0.982
2016-09-27 20:42:00,0.985
2016-09-27 20:48:00,0.999
2016-09-27 20:54:00,1.015
2016-09-27 21:00:00,1.034
2016-09-27 21:06:00,1.042
2016-09-27 21:12:00,1.044
2016-09-27 21:18:00,1.053
2016-09-27 21:24:00,1.068
2016-09-27 21:30:00,1.066
2016-09-27 21:36:00,1.07
2016-09-27 21:42:00,1.067
2016-09-27 21:48:00,1.079
2016-09-27 21:54:00,1.087
2016-09-27 22:00:00,1.089
2016-09-27 22:06:00,1.081
2016-09-27 22:12:00,1.083
2016-09-27 22:18:00,1.08
2016-09-27 22:24:00,1.079
2016-09-27 22:30:00,1.079
2016-09-27 22:36:00,1.071
2016-09-27 22:42:00,1.069
2016-09-27 22:48:00,1.058
2016-09-27 22:54:00,1.062
2016-09-27 23:00:00,1.049
2016-09-27 23:06:00,1.043
2016-09-27 23:12:00,1.038
2016-09-27 23:18:00,1.02
2016-09-27 23:24:00,1.003
2016-09-27 23:30:00,0.989
2016-09-27 23:36:00,0.97
2016-09-27 23:42:00,0.956
2016-09-27 23:48:00,0.945
2016-09-27 23:54:00,0.925
2016-09-28 00:00:00,0.902
2016-09-28 00:06:00,0.883
2016-09-28 00:12:00,0.86
2016-09-28 00:18:00,0.848
2016-09-28 00:24:00,0.834
2016-09-28 00:30:00,0.81
2016-09-28 00:36:00,0.783
2016-09-28 00:42:00,0.77
2016-09-28 00:48:00,0.743
2016-09-28 00:54:00,0.723
2016-09-28 01:00:00,0.703
2016-09-28 01:06:00,0.682
2016-09-28 01:12:00,0.663
2016-09-28 01:18:00,0.647
2016-09-28 01:24:00,0.612
2016-09-28 01:30:00,0.595
2016-09-28 01:36:00,0.574
2016-09-28 01:42:00,0.56
2016-09-28 01:48:00,0.533
2016-09-28 01:54:00,0.515
2016-09-28 02:00:00,0.497
2016-09-28 02:06:00,0.486
2016-09-28 02:12:00,0.461
2016-09-28 02:18:00,0.442
2016-09-28 02:24:00,0.426
2016-09-28 02:30:00,0.41
2016-09-28 02:36:00,0.395
2016-09-28 02:42:00,0.383
2016-09-28 02:48:00,0.359
2016-09-28 02:54:00,0.341
2016-09-28 03:00:00,0.329
2016-09-28 03:06:00,0.313
2016-09-28 03:12:00,0.307
2016-09-28 03:18:00,0.292
2016-09-28 03:24:00,0.281
2016-09-28 03:30:00,0.27
2016-09-28 03:36:00,0.256
2016-09-28 03:42:00,0.247
2016-09-28 03:48:00,0.245
2016-09-28 03:54:00,0.238
2016-09-28 04:00:00,0.235
2016-09-28 04:06:00,0.225
2016-09-28 04:12:00,0.218
2016-09-28 04:18:00,0.214
2016-09-28 04:24:00,0.219
2016-09-28 04:30:00,0.226
2016-09-28 04:36:00,0.225
2016-09-28 04:42:00,0.225
2016-09-28 04:48:00,0.235
2016-09-28 04:54:00,0.23
2016-09-28 05:00:00,0.236
2016-09-28 05:06:00,0.244
2016-09-28 05:12:00,0.253
2016-09-28 05:18:00,0.262
2016-09-28 05:24:00,0.274
2016-09-28 05:30:00,0.287
2016-09-28 05:36:00,0.297
2016-09-28 05:42:00,0.314
2016-09-28 05:48:00,0.326
2016-09-28 05:54:00,0.343
2016-09-28 06:00:00,0.354
2016-09-28 06:06:00,0.375
2016-09-28 06:12:00,0.399
2016-09-28 06:18:00,0.413
2016-09-28 06:24:00,0.429
2016-09-28 06:30:00,0.449
2016-09-28 06:36:00,0.474
2016-09-28 06:42:00,0.485
2016-09-28 06:48:00,0.506
2016-09-28 06:54:00,0.522
2016-09-28 07:00:00,0.539
2016-09-28 07:06:00,0.548
2016-09-28 07:12:00,0.598
2016-09-28 07:18:00,0.618
2016-09-28 07:24:00,0.621
2016-09-28 07:30:00,0.641
2016-09-28 07:36:00,0.669
2016-09-28 07:42:00,0.683
2016-09-28 07:48:00,0.704
2016-09-28 07:54:00,0.725
2016-09-28 08:00:00,0.748
2016-09-28 08:06:00,0.775
2016-09-28 08:12:00,0.784
2016-09-28 08:18:00,0.802
2016-09-28 08:24:00,0.829
2016-09-28 08:30:00,0.844
2016-09-28 08:36:00,0.855
2016-09-28 08:42:00,0.888
2016-09-28 08:48:00,0.904
2016-09-28 08:54:00,0.911
2016-09-28 09:00:00,0.92
2016-09-28 09:06:00,0.925
2016-09-28 09:12:00,0.948
2016-09-28 09:18:00,0.976
2016-09-28 09:24:00,0.976
2016-09-28 09:30:00,0.993
2016-09-28 09:36:00,1.008
2016-09-28 09:42:00,1.018
2016-09-28 09:48:00,1.026
2016-09-28 09:54:00,1.018
2016-09-28 10:00:00,1.019
2016-09-28 10:06:00,1.041
2016-09-28 10:12:00,1.043
2016-09-28 10:18:00,1.033
2016-09-28 10:24:00,1.042
2016-09-28 10:30:00,1.041
2016-09-28 10:36:00,1.039
2016-09-28 10:42:00,1.032
2016-09-28 10:48:00,1.027
2016-09-28 10:54:00,1.021
2016-09-28 11:00:00,1.015
2016-09-28 11:06:00,1.014
2016-09-28 11:12:00,1.006
2016-09-28 11:18:00,1.0
2016-09-28 11:24:00,1.005
2016-09-28 11:30:00,1.004
2016-09-28 11:36:00,0.993
2016-09-28 11:42:00,0.972
2016-09-28 11:48:00,0.958
2016-09-28 11:54:00,0.947
2016-09-28 12:00:00,0.93
2016-09-28 12:06:00,0.919
2016-09-28 12:12:00,0.902
2016-09-28 12:18:00,0.898
2016-09-28 12:24:00,0.879
2016-09-28 12:30:00,0.861
2016-09-28 12:36:00,0.851
2016-09-28 12:42:00,0.829
2016-09-28 12:48:00,0.806
2016-09-28 12:54:00,0.777
2016-09-28 13:00:00,0.745
2016-09-28 13:06:00,0.729
2016-09-28 13:12:00,0.711
2016-09-28 13:18:00,0.693
2016-09-28 13:24:00,0.672
2016-09-28 13:30:00,0.655
2016-09-28 13:36:00,0.639
2016-09-28 13:42:00,0.619
2016-09-28 13:48:00,0.608
2016-09-28 13:54:00,0.576
2016-09-28 14:00:00,0.551
2016-09-28 14:06:00,0.532
2016-09-28 14:12:00,0.505
2016-09-28 14:18:00,0.491
2016-09-28 14:24:00,0.476
2016-09-28 14:30:00,0.464
2016-09-28 14:36:00,0.446
2016-09-28 14:42:00,0.418
2016-09-28 14:48:00,0.4
2016-09-28 14:54:00,0.391
2016-09-28 15:00:00,0.367
2016-09-28 15:06:00,0.351
2016-09-28 15:12:00,0.341
2016-09-28 15:18:00,0.333
2016-09-28 15:24:00,0.318
2016-09-28 15:30:00,0.298
2016-09-28 15:36:00,0.277
2016-09-28 15:42:00,0.274
2016-09-28 15:48:00,0.273
2016-09-28 15:54:00,0.275
2016-09-28 16:00:00,0.265
2016-09-28 16:06:00,0.247
2016-09-28 16:12:00,0.244
2016-09-28 16:18:00,0.239
2016-09-28 16:24:00,0.23
2016-09-28 16:30:00,0.229
2016-09-28 16:36:00,0.229
2016-09-28 16:42:00,0.229
2016-09-28 16:48:00,0.224
2016-09-28 16:54:00,0.229
2016-09-28 17:00:00,0.224
2016-09-28 17:06:00,0.228
2016-09-28 17:12:00,0.233
2016-09-28 17:18:00,0.244
2016-09-28 17:24:00,0.24
2016-09-28 17:30:00,0.249
2016-09-28 17:36:00,0.265
2016-09-28 17:42:00,0.27
2016-09-28 17:48:00,0.281
2016-09-28 17:54:00,0.299
2016-09-28 18:00:00,0.31
2016-09-28 18:06:00,0.336
2016-09-28 18:12:00,0.341
2016-09-28 18:18:00,0.356
2016-09-28 18:24:00,0.381
2016-09-28 18:30:00,0.403
2016-09-28 18:36:00,0.427
2016-09-28 18:42:00,0.433
2016-09-28 18:48:00,0.453
2016-09-28 18:54:00,0.47
2016-09-28 19:00:00,0.486
2016-09-28 19:06:00,0.512
2016-09-28 19:12:00,0.533
2016-09-28 19:18:00,0.55
2016-09-28 19:24:00,0.579
2016-09-28 19:30:00,0.594
2016-09-28 19:36:00,0.618
2016-09-28 19:42:00,0.631
2016-09-28 19:48:00,0.658
2016-09-28 19:54:00,0.68
2016-09-28 20:00:00,0.7
2016-09-28 20:06:00,0.721
2016-09-28 20:12:00,0.752
2016-09-28 20:18:00,0.774
2016-09-28 20:24:00,0.793
2016-09-28 20:30:00,0.81
2016-09-28 20:36:00,0.831
2016-09-28 20:42:00,0.863
2016-09-28 20:48:00,0.873
2016-09-28 20:54:00,0.887
2016-09-28 21:00:00,0.909
2016-09-28 21:06:00,0.926
2016-09-28 21:12:00,0.952
2016-09-28 21:18:00,0.959
2016-09-28 21:24:00,0.978
2016-09-28 21:30:00,0.988
2016-09-28 21:36:00,1.011
2016-09-28 21:42:00,1.018
2016-09-28 21:48:00,1.029
2016-09-28 21:54:00,1.049
2016-09-28 22:00:00,1.048
2016-09-28 22:06:00,1.056
2016-09-28 22:12:00,1.073
2016-09-28 22:18:00,1.077
2016-09-28 22:24:00,1.089
2016-09-28 22:30:00,1.089
2016-09-28 22:36:00,1.098
2016-09-28 22:42:00,1.094
2016-09-28 22:48:00,1.102
2016-09-28 22:54:00,1.097
2016-09-28 23:00:00,1.091
2016-09-28 23:06:00,1.098
2016-09-28 23:12:00,1.092
2016-09-28 23:18:00,1.082
2016-09-28 23:24:00,1.083
2016-09-28 23:30:00,1.077
2016-09-28 23:36:00,1.072
2016-09-28 23:42:00,1.061
2016-09-28 23:48:00,1.042
2016-09-28 23:54:00,1.03
2016-09-29 00:00:00,1.032
2016-09-29 00:06:00,1.012
2016-09-29 00:12:00,0.991
2016-09-29 00:18:00,0.98
2016-09-29 00:24:00,0.966
2016-09-29 00:30:00,0.949
2016-09-29 00:36:00,0.938
2016-09-29 00:42:00,0.918
2016-09-29 00:48:00,0.895
2016-09-29 00:54:00,0.882
2016-09-29 01:00:00,0.865
2016-09-29 01:06:00,0.836
2016-09-29 01:12:00,0.82
2016-09-29 01:18:00,0.802
2016-09-29 01:24:00,0.781
2016-09-29 01:30:00,0.763
2016-09-29 01:36:00,0.733
2016-09-29 01:42:00,0.717
2016-09-29 01:48:00,0.697
2016-09-29 01:54:00,0.676
2016-09-29 02:00:00,0.656
2016-09-29 02:06:00,0.634
2016-09-29 02:12:00,0.602
2016-09-29 02:18:00,0.583
2016-09-29 02:24:00,0.564
2016-09-29 02:30:00,0.541
2016-09-29 02:36:00,0.529
2016-09-29 02:42:00,0.509
2016-09-29 02:48:00,0.483
2016-09-29 02:54:00,0.476
2016-09-29 03:00:00,0.441
2016-09-29 03:06:00,0.424
2016-09-29 03:12:00,0.403
2016-09-29 03:18:00,0.382
2016-09-29 03:24:00,0.375
2016-09-29 03:30:00,0.357
2016-09-29 03:36:00,0.341
2016-09-29 03:42:00,0.324
2016-09-29 03:48:00,0.315
2016-09-29 03:54:00,0.303
2016-09-29 04:00:00,0.29
2016-09-29 04:06:00,0.272
2016-09-29 04:12:00,0.255
2016-09-29 04:18:00,0.252
2016-09-29 04:24:00,0.247
2016-09-29 04:30:00,0.233
2016-09-29 04:36:00,0.228
2016-09-29 04:42:00,0.223
2016-09-29 04:48:00,0.223
2016-09-29 04:54:00,0.215
2016-09-29 05:00:00,0.213
2016-09-29 05:06:00,0.214
2016-09-29 05:12:00,0.214
2016-09-29 05:18:00,0.215
2016-09-29 05:24:00,0.223
2016-09-29 05:30:00,0.218
2016-09-29 05:36:00,0.232
2016-09-29 05:42:00,0.231
2016-09-29 05:48:00,0.238
2016-09-29 05:54:00,0.246
2016-09-29 06:00:00,0.25
2016-09-29 06:06:00,0.266
2016-09-29 06:12:00,0.272
2016-09-29 06:18:00,0.283
2016-09-29 06:24:00,0.291
2016-09-29 06:30:00,0.305
2016-09-29 06:36:00,0.319
2016-09-29 06:42:00,0.335
2016-09-29 06:48:00,0.352
2016-09-29 06:54:00,0.365
2016-09-29 07:00:00,0.389
2016-09-29 07:06:00,0.401
2016-09-29 07:12:00,0.415
2016-09-29 07:18:00,0.433
2016-09-29 07:24:00,0.464
2016-09-29 07:30:00,0.486
2016-09-29 07:36:00,0.511
2016-09-29 07:42:00,0.539
2016-09-29 07:48:00,0.55
2016-09-29 07:54:00,0.567
2016-09-29 08:00:00,0.59
2016-09-29 08:06:00,0.614
2016-09-29 08:12:00,0.638
2016-09-29 08:18:00,0.654
2016-09-29 08:24:00,0.677
2016-09-29 08:30:00,0.699
2016-09-29 08:36:00,0.712
2016-09-29 08:42:00,0.738
2016-09-29 08:48:00,0.761
2016-09-29 08:54:00,0.786
2016-09-29 09:00:00,0.802
2016-09-29 09:06:00,0.822
2016-09-29 09:12:00,0.843
2016-09-29 09:18:00,0.865
2016-09-29 09:24:00,0.885
2016-09-29 09:30:00,0.895
2016-09-29 09:36:00,0.914
2016-09-29 09:42:00,0.931
2016-09-29 09:48:00,0.94
2016-09-29 09:54:00,0.958
2016-09-29 10:00:00,0.966
2016-09-29 10:06:00,0.979
2016-09-29 10:12:00,0.996
2016-09-29 10:18:00,1.004
2016-09-29 10:24:00,1.013
2016-09-29 10:30:00,1.021
2016-09-29 10:36:00,1.032
2016-09-29 10:42:00,1.034
2016-09-29 10:48:00,1.032
2016-09-29 10:54:00,1.044
2016-09-29 11:00:00,1.043
2016-09-29 11:06:00,1.048
2016-09-29 11:12:00,1.047
2016-09-29 11:18:00,1.049
2016-09-29 11:24:00,1.048
2016-09-29 11:30:00,1.045
2016-09-29 11:36:00,1.045
2016-09-29 11:42:00,1.039
2016-09-29 11:48:00,1.028
2016-09-29 11:54:00,1.031
2016-09-29 12:00:00,1.025
2016-09-29 12:06:00,1.011
2016-09-29 12:12:00,1.002
2016-09-29 12:18:00,0.985
2016-09-29 12:24:00,0.972
2016-09-29 12:30:00,0.959
2016-09-29 12:36:00,0.948
2016-09-29 12:42:00,0.94
2016-09-29 12:48:00,0.91
2016-09-29 12:54:00,0.892
2016-09-29 13:00:00,0.875
2016-09-29 13:06:00,0.855
2016-09-29 13:12:00,0.836
2016-09-29 13:18:00,0.82
2016-09-29 13:24:00,0.804
2016-09-29 13:30:00,0.777
2016-09-29 13:36:00,0.756
2016-09-29 13:42:00,0.743
2016-09-29 13:48:00,0.716
2016-09-29 13:54:00,0.698
2016-09-29 14:00:00,0.672
2016-09-29 14:06:00,0.646
2016-09-29 14:12:00,0.625
2016-09-29 14:18:00,0.596
2016-09-29 14:24:00,0.584
2016-09-29 14:30:00,0.566
2016-09-29 14:36:00,0.536
2016-09-29 14:42:00,0.518
2016-09-29 14:48:00,0.499
2016-09-29 14:54:00,0.479
2016-09-29 15:00:00,0.457
2016-09-29 15:06:00,0.437
2016-09-29 15:12:00,0.415
2016-09-29 15:18:00,0.402
2016-09-29 15:24:00,0.38
2016-09-29 15:30:00,0.354
2016-09-29 15:36:00,0.332
2016-09-29 15:42:00,0.321
2016-09-29 15:48:00,0.308
2016-09-29 15:54:00,0.294
2016-09-29 16:00:00,0.275
2016-09-29 16:06:00,0.267
2016-09-29 16:12:00,0.255
2016-09-29 16:18:00,0.244
2016-09-29 16:24:00,0.229
2016-09-29 16:30:00,0.222
2016-09-29 16:36:00,0.211
2016-09-29 16:42:00,0.196
2016-09-29 16:48:00,0.188
2016-09-29 16:54:00,0.178
2016-09-29 17:00:00,0.176
2016-09-29 17:06:00,0.176
2016-09-29 17:12:00,0.179
2016-09-29 17:18:00,0.172
2016-09-29 17:24:00,0.173
2016-09-29 17:30:00,0.168
2016-09-29 17:36:00,0.172
2016-09-29 17:42:00,0.175
2016-09-29 17:48:00,0.181
2016-09-29 17:54:00,0.189
2016-09-29 18:00:00,0.188
2016-09-29 18:06:00,0.196
2016-09-29 18:12:00,0.199
2016-09-29 18:18:00,0.195
2016-09-29 18:24:00,0.211
2016-09-29 18:30:00,0.221
2016-09-29 18:36:00,0.232
2016-09-29 18:42:00,0.242
2016-09-29 18:48:00,0.257
2016-09-29 18:54:00,0.265
2016-09-29 19:00:00,0.286
2016-09-29 19:06:00,0.297
2016-09-29 19:12:00,0.321
2016-09-29 19:18:00,0.347
2016-09-29 19:24:00,0.365
2016-09-29 19:30:00,0.381
2016-09-29 19:36:00,0.401
2016-09-29 19:42:00,0.42
2016-09-29 19:48:00,0.441
2016-09-29 19:54:00,0.463
2016-09-29 20:00:00,0.484
2016-09-29 20:06:00,0.506
2016-09-29 20:12:00,0.528
2016-09-29 20:18:00,0.551
2016-09-29 20:24:00,0.573
2016-09-29 20:30:00,0.595
2016-09-29 20:36:00,0.617
2016-09-29 20:42:00,0.639
2016-09-29 20:48:00,0.661
2016-09-29 20:54:00,0.682
2016-09-29 21:00:00,0.703
2016-09-29 21:06:00,0.724
2016-09-29 21:12:00,0.752
2016-09-29 21:18:00,0.769
2016-09-29 21:24:00,0.777
2016-09-29 21:30:00,0.805
2016-09-29 21:36:00,0.819
2016-09-29 21:42:00,0.839
2016-09-29 21:48:00,0.851
2016-09-29 21:54:00,0.864
2016-09-29 22:00:00,0.883
2016-09-29 22:06:00,0.9
2016-09-29 22:12:00,0.912
2016-09-29 22:18:00,0.93
2016-09-29 22:24:00,0.944
2016-09-29 22:30:00,0.955
2016-09-29 22:36:00,0.959
2016-09-29 22:42:00,0.972
2016-09-29 22:48:00,0.981
2016-09-29 22:54:00,0.98
2016-09-29 23:00:00,0.992
2016-09-29 23:06:00,1.001
2016-09-29 23:12:00,1.018
2016-09-29 23:18:00,1.018
2016-09-29 23:24:00,1.013
2016-09-29 23:30:00,1.012
2016-09-29 23:36:00,1.016
2016-09-29 23:42:00,1.013
2016-09-29 23:48:00,1.014
2016-09-29 23:54:00,1.0
2016-09-30 00:00:00,1.006
2016-09-30 00:06:00,1.0
2016-09-30 00:12:00,0.991
2016-09-30 00:18:00,0.988
2016-09-30 00:24:00,0.979
2016-09-30 00:30:00,0.97
2016-09-30 00:36:00,0.955
2016-09-30 00:42:00,0.941
2016-09-30 00:48:00,0.931
2016-09-30 00:54:00,0.918
2016-09-30 01:00:00,0.91
2016-09-30 01:06:00,0.891
2016-09-30 01:12:00,0.869
2016-09-30 01:18:00,0.847
2016-09-30 01:24:00,0.832
2016-09-30 01:30:00,0.814
2016-09-30 01:36:00,0.795
2016-09-30 01:42:00,0.78
2016-09-30 01:48:00,0.763
2016-09-30 01:54:00,0.734
2016-09-30 02:00:00,0.714
2016-09-30 02:06:00,0.692
2016-09-30 02:12:00,0.669
2016-09-30 02:18:00,0.653
2016-09-30 02:24:00,0.635
2016-09-30 02:30:00,0.614
2016-09-30 02:36:00,0.592
2016-09-30 02:42:00,0.57
2016-09-30 02:48:00,0.547
2016-09-30 02:54:00,0.527
2016-09-30 03:00:00,0.502
2016-09-30 03:06:00,0.481
2016-09-30 03:12:00,0.462
2016-09-30 03:18:00,0.439
2016-09-30 03:24:00,0.423
2016-09-30 03:30:00,0.4
2016-09-30 03:36:00,0.38
2016-09-30 03:42:00,0.359
2016-09-30 03:48:00,0.335
2016-09-30 03:54:00,0.313
2016-09-30 04:00:00,0.294
2016-09-30 04:06:00,0.276
2016-09-30 04:12:00,0.262
2016-09-30 04:18:00,0.247
2016-09-30 04:24:00,0.234
2016-09-30 04:30:00,0.218
2016-09-30 04:36:00,0.207
2016-09-30 04:42:00,0.203
2016-09-30 04:48:00,0.186
2016-09-30 04:54:00,0.179
2016-09-30 05:00:00,0.174
2016-09-30 05:06:00,0.163
2016-09-30 05:12:00,0.16
2016-09-30 05:18:00,0.156
2016-09-30 05:24:00,0.147
2016-09-30 05:30:00,0.14
2016-09-30 05:36:00,0.141
2016-09-30 05:42:00,0.138
2016-09-30 05:48:00,0.133
2016-09-30 05:54:00,0.139
2016-09-30 06:00:00,0.147
2016-09-30 06:06:00,0.146
2016-09-30 06:12:00,0.148
2016-09-30 06:18:00,0.156
2016-09-30 06:24:00,0.163
2016-09-30 06:30:00,0.169
2016-09-30 06:36:00,0.176
2016-09-30 06:42:00,0.181
2016-09-30 06:48:00,0.192
2016-09-30 06:54:00,0.204
2016-09-30 07:00:00,0.213
2016-09-30 07:06:00,0.226
2016-09-30 07:12:00,0.242
2016-09-30 07:18:00,0.257
2016-09-30 07:24:00,0.281
2016-09-30 07:30:00,0.301
2016-09-30 07:36:00,0.317
2016-09-30 07:42:00,0.338
2016-09-30 07:48:00,0.353
2016-09-30 07:54:00,0.374
2016-09-30 08:00:00,0.392
2016-09-30 08:06:00,0.407
2016-09-30 08:12:00,0.432
2016-09-30 08:18:00,0.458
2016-09-30 08:24:00,0.478
2016-09-30 08:30:00,0.5
2016-09-30 08:36:00,0.525
2016-09-30 08:42:00,0.546
2016-09-30 08:48:00,0.565
2016-09-30 08:54:00,0.588
2016-09-30 09:00:00,0.612
2016-09-30 09:06:00,0.63
2016-09-30 09:12:00,0.651
2016-09-30 09:18:00,0.674
2016-09-30 09:24:00,0.696
2016-09-30 09:30:00,0.72
2016-09-30 09:36:00,0.74
2016-09-30 09:42:00,0.76
2016-09-30 09:48:00,0.781
2016-09-30 09:54:00,0.801
2016-09-30 10:00:00,0.827
2016-09-30 10:06:00,0.843
2016-09-30 10:12:00,0.858
2016-09-30 10:18:00,0.875
2016-09-30 10:24:00,0.892
2016-09-30 10:30:00,0.906
2016-09-30 10:36:00,0.927
2016-09-30 10:42:00,0.937
2016-09-30 10:48:00,0.957
2016-09-30 10:54:00,0.975
2016-09-30 11:00:00,0.989
2016-09-30 11:06:00,0.996
2016-09-30 11:12:00,0.995
2016-09-30 11:18:00,1.008
2016-09-30 11:24:00,1.012
2016-09-30 11:30:00,1.032
2016-09-30 11:36:00,1.026
2016-09-30 11:42:00,1.028
2016-09-30 11:48:00,1.041
2016-09-30 11:54:00,1.032
2016-09-30 12:00:00,1.042
2016-09-30 12:06:00,1.038
2016-09-30 12:12:00,1.041
2016-09-30 12:18:00,1.032
2016-09-30 12:24:00,1.027
2016-09-30 12:30:00,1.022
2016-09-30 12:36:00,1.016
2016-09-30 12:42:00,1.005
2016-09-30 12:48:00,1.002
2016-09-30 12:54:00,0.991
2016-09-30 13:00:00,0.981
2016-09-30 13:06:00,0.967
2016-09-30 13:12:00,0.958
2016-09-30 13:18:00,0.937
2016-09-30 13:24:00,0.925
2016-09-30 13:30:00,0.904
2016-09-30 13:36:00,0.892
2016-09-30 13:42:00,0.877
2016-09-30 13:48:00,0.858
2016-09-30 13:54:00,0.841
2016-09-30 14:00:00,0.825
2016-09-30 14:06:00,0.804
2016-09-30 14:12:00,0.786
2016-09-30 14:18:00,0.758
2016-09-30 14:24:00,0.737
2016-09-30 14:30:00,0.72
2016-09-30 14:36:00,0.7
2016-09-30 14:42:00,0.673
2016-09-30 14:48:00,0.657
2016-09-30 14:54:00,0.626
2016-09-30 15:00:00,0.608
2016-09-30 15:06:00,0.597
2016-09-30 15:12:00,0.568
2016-09-30 15:18:00,0.544
2016-09-30 15:24:00,0.523
2016-09-30 15:30:00,0.503
2016-09-30 15:36:00,0.479
2016-09-30 15:42:00,0.454
2016-09-30 15:48:00,0.429
2016-09-30 15:54:00,0.413
2016-09-30 16:00:00,0.396
2016-09-30 16:06:00,0.37
2016-09-30 16:12:00,0.351
2016-09-30 16:18:00,0.335
2016-09-30 16:24:00,0.309
2016-09-30 16:30:00,0.291
2016-09-30 16:36:00,0.272
2016-09-30 16:42:00,0.25
2016-09-30 16:48:00,0.235
2016-09-30 16:54:00,0.222
2016-09-30 17:00:00,0.213
2016-09-30 17:06:00,0.199
2016-09-30 17:12:00,0.187
2016-09-30 17:18:00,0.182
2016-09-30 17:24:00,0.175
2016-09-30 17:30:00,0.162
2016-09-30 17:36:00,0.161
2016-09-30 17:42:00,0.151
2016-09-30 17:48:00,0.154
2016-09-30 17:54:00,0.143
2016-09-30 18:00:00,0.143
2016-09-30 18:06:00,0.151
2016-09-30 18:12:00,0.151
2016-09-30 18:18:00,0.156
2016-09-30 18:24:00,0.152
2016-09-30 18:30:00,0.153
2016-09-30 18:36:00,0.152
2016-09-30 18:42:00,0.155
2016-09-30 18:48:00,0.167
2016-09-30 18:54:00,0.162
2016-09-30 19:00:00,0.176
2016-09-30 19:06:00,0.192
2016-09-30 19:12:00,0.207
2016-09-30 19:18:00,0.212
2016-09-30 19:24:00,0.231
2016-09-30 19:30:00,0.245
2016-09-30 19:36:00,0.249
2016-09-30 19:42:00,0.274
2016-09-30 19:48:00,0.286
2016-09-30 19:54:00,0.303
2016-09-30 20:00:00,0.315
2016-09-30 20:06:00,0.339
2016-09-30 20:12:00,0.354
2016-09-30 20:18:00,0.381
2016-09-30 20:24:00,0.402
2016-09-30 20:30:00,0.428
2016-09-30 20:36:00,0.444
2016-09-30 20:42:00,0.469
2016-09-30 20:48:00,0.487
2016-09-30 20:54:00,0.513
2016-09-30 21:00:00,0.538
2016-09-30 21:06:00,0.553
2016-09-30 21:12:00,0.576
2016-09-30 21:18:00,0.594
2016-09-30 21:24:00,0.623
2016-09-30 21:30:00,0.642
2016-09-30 21:36:00,0.662
2016-09-30 21:42:00,0.681
2016-09-30 21:48:00,0.704
2016-09-30 21:54:00,0.719
2016-09-30 22:00:00,0.732
2016-09-30 22:06:00,0.757
2016-09-30 22:12:00,0.778
2016-09-30 22:18:00,0.795
2016-09-30 22:24:00,0.81
2016-09-30 22:30:00,0.823
2016-09-30 22:36:00,0.84
2016-09-30 22:42:00,0.857
2016-09-30 22:48:00,0.87
2016-09-30 22:54:00,0.889
2016-09-30 23:00:00,0.894
2016-09-30 23:06:00,0.908
2016-09-30 23:12:00,0.924
2016-09-30 23:18:00,0.939
2016-09-30 23:24:00,0.946
2016-09-30 23:30:00,0.953
2016-09-30 23:36:00,0.962
2016-09-30 23:42:00,0.968
2016-09-30 23:48:00,0.973
2016-09-30 23:54:00,0.976
2016-10-01 00:00:00,0.982
2016-10-01 00:06:00,0.985
2016-10-01 00:12:00,0.98
2016-10-01 00:18:00,0.982
2016-10-01 00:24:00,0.988
2016-10-01 00:30:00,0.978
2016-10-01 00:36:00,0.98
2016-10-01 00:42:00,0.967
2016-10-01 00:48:00,0.96
2016-10-01 00:54:00,0.957
2016-10-01 01:00:00,0.945
2016-10-01 01:06:00,0.928
2016-10-01 01:12:00,0.921
2016-10-01 01:18:00,0.922
2016-10-01 01:24:00,0.908
2016-10-01 01:30:00,0.898
2016-10-01 01:36:00,0.885
2016-10-01 01:42:00,0.867
2016-10-01 01:48:00,0.862
2016-10-01 01:54:00,0.838
2016-10-01 02:00:00,0.821
2016-10-01 02:06:00,0.806
2016-10-01 02:12:00,0.79
2016-10-01 02:18:00,0.771
2016-10-01 02:24:00,0.753
2016-10-01 02:30:00,0.734
2016-10-01 02:36:00,0.713
2016-10-01 02:42:00,0.693
2016-10-01 02:48:00,0.669
2016-10-01 02:54:00,0.649
2016-10-01 03:00:00,0.63
2016-10-01 03:06:00,0.605
2016-10-01 03:12:00,0.588
2016-10-01 03:18:00,0.57
2016-10-01 03:24:00,0.551
2016-10-01 03:30:00,0.532
2016-10-01 03:36:00,0.509
2016-10-01 03:42:00,0.489
2016-10-01 03:48:00,0.472
2016-10-01 03:54:00,0.448
2016-10-01 04:00:00,0.424
2016-10-01 04:06:00,0.406
2016-10-01 04:12:00,0.384
2016-10-01 04:18:00,0.368
2016-10-01 04:24:00,0.356
2016-10-01 04:30:00,0.333
2016-10-01 04:36:00,0.314
2016-10-01 04:42:00,0.305
2016-10-01 04:48:00,0.284
2016-10-01 04:54:00,0.267
2016-10-01 05:00:00,0.246
2016-10-01 05:06:00,0.234
2016-10-01 05:12:00,0.22
2016-10-01 05:18:00,0.215
2016-10-01 05:24:00,0.201
2016-10-01 05:30:00,0.194
2016-10-01 05:36:00,0.186
2016-10-01 05:42:00,0.178
2016-10-01 05:48:00,0.173
2016-10-01 05:54:00,0.164
2016-10-01 06:00:00,0.16
2016-10-01 06:06:00,0.158
2016-10-01 06:12:00,0.149
2016-10-01 06:18:00,0.144
2016-10-01 06:24:00,0.154
2016-10-01 06:30:00,0.153
2016-10-01 06:36:00,0.16
2016-10-01 06:42:00,0.162
2016-10-01 06:48:00,0.167
2016-10-01 06:54:00,0.171
2016-10-01 07:00:00,0.178
2016-10-01 07:06:00,0.18
2016-10-01 07:12:00,0.19
2016-10-01 07:18:00,0.205
2016-10-01 07:24:00,0.219
2016-10-01 07:30:00,0.225
2016-10-01 07:36:00,0.233
2016-10-01 07:42:00,0.25
2016-10-01 07:48:00,0.265
2016-10-01 07:54:00,0.28
2016-10-01 08:00:00,0.298
2016-10-01 08:06:00,0.309
2016-10-01 08:12:00,0.329
2016-10-01 08:18:00,0.344
2016-10-01 08:24:00,0.362
2016-10-01 08:30:00,0.39
2016-10-01 08:36:00,0.412
2016-10-01 08:42:00,0.423
2016-10-01 08:48:00,0.445
2016-10-01 08:54:00,0.47
2016-10-01 09:00:00,0.492
2016-10-01 09:06:00,0.522
2016-10-01 09:12:00,0.539
2016-10-01 09:18:00,0.566
2016-10-01 09:24:00,0.59
2016-10-01 09:30:00,0.608
2016-10-01 09:36:00,0.632
2016-10-01 09:42:00,0.652
2016-10-01 09:48:00,0.673
2016-10-01 09:54:00,0.694
2016-10-01 10:00:00,0.716
2016-10-01 10:06:00,0.737
2016-10-01 10:12:00,0.761
2016-10-01 10:18:00,0.778
2016-10-01 10:24:00,0.804
2016-10-01 10:30:00,0.821
2016-10-01 10:36:00,0.845
2016-10-01 10:42:00,0.862
2016-10-01 10:48:00,0.886
2016-10-01 10:54:00,0.902
2016-10-01 11:00:00,0.912
2016-10-01 11:06:00,0.936
2016-10-01 11:12:00,0.947
2016-10-01 11:18:00,0.968
2016-10-01 11:24:00,0.975
2016-10-01 11:30:00,0.987
2016-10-01 11:36:00,1.0
2016-10-01 11:42:00,1.007
2016-10-01 11:48:00,1.016
2016-10-01 11:54:00,1.019
2016-10-01 12:00:00,1.032
2016-10-01 12:06:00,1.04
2016-10-01 12:12:00,1.041
2016-10-01 12:18:00,1.037
2016-10-01 12:24:00,1.042
2016-10-01 12:30:00,1.041
2016-10-01 12:36:00,1.04
2016-10-01 12:42:00,1.035
2016-10-01 12:48:00,1.034
2016-10-01 12:54:00,1.032
2016-10-01 13:00:00,1.031
2016-10-01 13:06:00,1.026
2016-10-01 13:12:00,1.025
2016-10-01 13:18:00,1.019
2016-10-01 13:24:00,1.008
2016-10-01 13:30:00,1.0
2016-10-01 13:36:00,0.988
2016-10-01 13:42:00,0.971
2016-10-01 13:48:00,0.957
2016-10-01 13:54:00,0.947
2016-10-01 14:00:00,0.933
2016-10-01 14:06:00,0.918
2016-10-01 14:12:00,0.899
2016-10-01 14:18:00,0.882
2016-10-01 14:24:00,0.865
2016-10-01 14:30:00,0.842
2016-10-01 14:36:00,0.827
2016-10-01 14:42:00,0.811
2016-10-01 14:48:00,0.791
2016-10-01 14:54:00,0.768
2016-10-01 15:00:00,0.747
2016-10-01 15:06:00,0.728
2016-10-01 15:12:00,0.708
2016-10-01 15:18:00,0.686
2016-10-01 15:24:00,0.661
2016-10-01 15:30:00,0.639
2016-10-01 15:36:00,0.627
2016-10-01 15:42:00,0.601
2016-10-01 15:48:00,0.575
2016-10-01 15:54:00,0.557
2016-10-01 16:00:00,0.536
2016-10-01 16:06:00,0.512
2016-10-01 16:12:00,0.481
2016-10-01 16:18:00,0.465
2016-10-01 16:24:00,0.445
2016-10-01 16:30:00,0.42
2016-10-01 16:36:00,0.401
2016-10-01 16:42:00,0.376
2016-10-01 16:48:00,0.359
2016-10-01 16:54:00,0.34
2016-10-01 17:00:00,0.328
2016-10-01 17:06:00,0.312
2016-10-01 17:12:00,0.29
2016-10-01 17:18:00,0.271
2016-10-01 17:24:00,0.264
2016-10-01 17:30:00,0.247
2016-10-01 17:36:00,0.229
2016-10-01 17:42:00,0.218
2016-10-01 17:48:00,0.213
2016-10-01 17:54:00,0.204
2016-10-01 18:00:00,0.189
2016-10-01 18:06:00,0.182
2016-10-01 18:12:00,0.178
2016-10-01 18:18:00,0.174
2016-10-01 18:24:00,0.169
2016-10-01 18:30:00,0.161
2016-10-01 18:36:00,0.165
2016-10-01 18:42:00,0.16
2016-10-01 18:48:00,0.162
2016-10-01 18:54:00,0.16
2016-10-01 19:00:00,0.161
2016-10-01 19:06:00,0.168
2016-10-01 19:12:00,0.173
2016-10-01 19:18:00,0.175
2016-10-01 19:24:00,0.181
2016-10-01 19:30:00,0.19
2016-10-01 19:36:00,0.203
2016-10-01 19:42:00,0.206
2016-10-01 19:48:00,0.218
2016-10-01 19:54:00,0.235
2016-10-01 20:00:00,0.241
2016-10-01 20:06:00,0.25
2016-10-01 20:12:00,0.264
2016-10-01 20:18:00,0.279
2016-10-01 20:24:00,0.299
2016-10-01 20:30:00,0.313
2016-10-01 20:36:00,0.33
2016-10-01 20:42:00,0.351
2016-10-01 20:48:00,0.37
2016-10-01 20:54:00,0.395
2016-10-01 21:00:00,0.411
2016-10-01 21:06:00,0.433
2016-10-01 21:12:00,0.453
2016-10-01 21:18:00,0.477
2016-10-01 21:24:00,0.489
2016-10-01 21:30:00,0.512
2016-10-01 21:36:00,0.541
2016-10-01 21:42:00,0.558
2016-10-01 21:48:00,0.575
2016-10-01 21:54:00,0.592
2016-10-01 22:00:00,0.612
2016-10-01 22:06:00,0.639
2016-10-01 22:12:00,0.655
2016-10-01 22:18:00,0.677
2016-10-01 22:24:00,0.696
2016-10-01 22:30:00,0.718
2016-10-01 22:36:00,0.73
2016-10-01 22:42:00,0.751
2016-10-01 22:48:00,0.767
2016-10-01 22:54:00,0.79
2016-10-01 23:00:00,0.807
2016-10-01 23:06:00,0.827
2016-10-01 23:12:00,0.835
2016-10-01 23:18:00,0.857
2016-10-01 23:24:00,0.866
2016-10-01 23:30:00,0.881
2016-10-01 23:36:00,0.899
2016-10-01 23:42:00,0.91
2016-10-01 23:48:00,0.919
2016-10-01 23:54:00,0.93
2016-10-02 00:00:00,0.938
2016-10-02 00:06:00,0.95
2016-10-02 00:12:00,0.954
2016-10-02 00:18:00,0.96
2016-10-02 00:24:00,0.959
2016-10-02 00:30:00,0.968
2016-10-02 00:36:00,0.966
2016-10-02 00:42:00,0.968
2016-10-02 00:48:00,0.972
2016-10-02 00:54:00,0.975
2016-10-02 01:00:00,0.978
2016-10-02 01:06:00,0.97
2016-10-02 01:12:00,0.967
2016-10-02 01:18:00,0.969
2016-10-02 01:24:00,0.955
2016-10-02 01:30:00,0.951
2016-10-02 01:36:00,0.942
2016-10-02 01:42:00,0.943
2016-10-02 01:48:00,0.935
2016-10-02 01:54:00,0.928
2016-10-02 02:00:00,0.91
2016-10-02 02:06:00,0.898
2016-10-02 02:12:00,0.888
2016-10-02 02:18:00,0.876
2016-10-02 02:24:00,0.86
2016-10-02 02:30:00,0.843
2016-10-02 02:36:00,0.827
2016-10-02 02:42:00,0.804
2016-10-02 02:48:00,0.782
2016-10-02 02:54:00,0.769
2016-10-02 03:00:00,0.751
2016-10-02 03:06:00,0.738
2016-10-02 03:12:00,0.718
2016-10-02 03:18:00,0.694
2016-10-02 03:24:00,0.673
2016-10-02 03:30:00,0.659
2016-10-02 03:36:00,0.651
2016-10-02 03:42:00,0.628
2016-10-02 03:48:00,0.612
2016-10-02 03:54:00,0.588
2016-10-02 04:00:00,0.573
2016-10-02 04:06:00,0.547
2016-10-02 04:12:00,0.527
2016-10-02 04:18:00,0.507
2016-10-02 04:24:00,0.484
2016-10-02 04:30:00,0.466
2016-10-02 04:36:00,0.446
2016-10-02 04:42:00,0.421
2016-10-02 04:48:00,0.407
2016-10-02 04:54:00,0.391
2016-10-02 05:00:00,0.373
2016-10-02 05:06:00,0.356
2016-10-02 05:12:00,0.34
2016-10-02 05:18:00,0.323
2016-10-02 05:24:00,0.301
2016-10-02 05:30:00,0.291
2016-10-02 05:36:00,0.277
2016-10-02 05:42:00,0.266
2016-10-02 05:48:00,0.255
2016-10-02 05:54:00,0.242
2016-10-02 06:00:00,0.23
2016-10-02 06:06:00,0.228
2016-10-02 06:12:00,0.223
2016-10-02 06:18:00,0.211
2016-10-02 06:24:00,0.203
2016-10-02 06:30:00,0.202
2016-10-02 06:36:00,0.194
2016-10-02 06:42:00,0.192
2016-10-02 06:48:00,0.192
2016-10-02 06:54:00,0.193
2016-10-02 07:00:00,0.197
2016-10-02 07:06:00,0.197
2016-10-02 07:12:00,0.202
2016-10-02 07:18:00,0.199
2016-10-02 07:24:00,0.206
2016-10-02 07:30:00,0.212
2016-10-02 07:36:00,0.216
2016-10-02 07:42:00,0.218
2016-10-02 07:48:00,0.23
2016-10-02 07:54:00,0.242
2016-10-02 08:00:00,0.248
2016-10-02 08:06:00,0.257
2016-10-02 08:12:00,0.278
2016-10-02 08:18:00,0.284
2016-10-02 08:24:00,0.306
2016-10-02 08:30:00,0.32
2016-10-02 08:36:00,0.328
2016-10-02 08:42:00,0.35
2016-10-02 08:48:00,0.369
2016-10-02 08:54:00,0.386
2016-10-02 09:00:00,0.403
2016-10-02 09:06:00,0.422
2016-10-02 09:12:00,0.447
2016-10-02 09:18:00,0.473
2016-10-02 09:24:00,0.491
2016-10-02 09:30:00,0.512
2016-10-02 09:36:00,0.531
2016-10-02 09:42:00,0.555
2016-10-02 09:48:00,0.574
2016-10-02 09:54:00,0.595
2016-10-02 10:00:00,0.609
2016-10-02 10:06:00,0.628
2016-10-02 10:12:00,0.647
2016-10-02 10:18:00,0.673
2016-10-02 10:24:00,0.691
2016-10-02 10:30:00,0.718
2016-10-02 10:36:00,0.739
2016-10-02 10:42:00,0.758
2016-10-02 10:48:00,0.783
2016-10-02 10:54:00,0.806
2016-10-02 11:00:00,0.821
2016-10-02 11:06:00,0.848
2016-10-02 11:12:00,0.87
2016-10-02 11:18:00,0.883
2016-10-02 11:24:00,0.901
2016-10-02 11:30:00,0.92
2016-10-02 11:36:00,0.936
2016-10-02 11:42:00,0.951
2016-10-02 11:48:00,0.963
2016-10-02 11:54:00,0.978
2016-10-02 12:00:00,0.995
2016-10-02 12:06:00,1.001
2016-10-02 12:12:00,1.009
2016-10-02 12:18:00,1.014
2016-10-02 12:24:00,1.025
2016-10-02 12:30:00,1.028
2016-10-02 12:36:00,1.038
2016-10-02 12:42:00,1.049
2016-10-02 12:48:00,1.052
2016-10-02 12:54:00,1.055
2016-10-02 13:00:00,1.053
2016-10-02 13:06:00,1.053
2016-10-02 13:12:00,1.046
2016-10-02 13:18:00,1.049
2016-10-02 13:24:00,1.048
2016-10-02 13:30:00,1.042
2016-10-02 13:36:00,1.041
2016-10-02 13:42:00,1.039
2016-10-02 13:48:00,1.031
2016-10-02 13:54:00,1.025
2016-10-02 14:00:00,1.019
2016-10-02 14:06:00,1.008
2016-10-02 14:12:00,0.996
2016-10-02 14:18:00,0.983
2016-10-02 14:24:00,0.972
2016-10-02 14:30:00,0.958
2016-10-02 14:36:00,0.944
2016-10-02 14:42:00,0.931
2016-10-02 14:48:00,0.919
2016-10-02 14:54:00,0.904
2016-10-02 15:00:00,0.888
2016-10-02 15:06:00,0.866
2016-10-02 15:12:00,0.845
2016-10-02 15:18:00,0.823
2016-10-02 15:24:00,0.802
2016-10-02 15:30:00,0.783
2016-10-02 15:36:00,0.757
2016-10-02 15:42:00,0.733
2016-10-02 15:48:00,0.717
2016-10-02 15:54:00,0.691
2016-10-02 16:00:00,0.671
2016-10-02 16:06:00,0.651
2016-10-02 16:12:00,0.638
2016-10-02 16:18:00,0.619
2016-10-02 16:24:00,0.59
2016-10-02 16:30:00,0.566
2016-10-02 16:36:00,0.548
2016-10-02 16:42:00,0.531
2016-10-02 16:48:00,0.512
2016-10-02 16:54:00,0.493
2016-10-02 17:00:00,0.482
2016-10-02 17:06:00,0.467
2016-10-02 17:12:00,0.446
2016-10-02 17:18:00,0.426
2016-10-02 17:24:00,0.408
2016-10-02 17:30:00,0.382
2016-10-02 17:36:00,0.367
2016-10-02 17:42:00,0.349
2016-10-02 17:48:00,0.335
2016-10-02 17:54:00,0.318
2016-10-02 18:00:00,0.31
2016-10-02 18:06:00,0.292
2016-10-02 18:12:00,0.28
2016-10-02 18:18:00,0.271
2016-10-02 18:24:00,0.26
2016-10-02 18:30:00,0.25
2016-10-02 18:36:00,0.237
2016-10-02 18:42:00,0.231
2016-10-02 18:48:00,0.229
2016-10-02 18:54:00,0.223
2016-10-02 19:00:00,0.218
2016-10-02 19:06:00,0.213
2016-10-02 19:12:00,0.216
2016-10-02 19:18:00,0.22
2016-10-02 19:24:00,0.213
2016-10-02 19:30:00,0.213
2016-10-02 19:36:00,0.216
2016-10-02 19:42:00,0.221
2016-10-02 19:48:00,0.225
2016-10-02 19:54:00,0.228
2016-10-02 20:00:00,0.225
2016-10-02 20:06:00,0.236
2016-10-02 20:12:00,0.247
2016-10-02 20:18:00,0.26
2016-10-02 20:24:00,0.271
2016-10-02 20:30:00,0.283
2016-10-02 20:36:00,0.293
2016-10-02 20:42:00,0.305
2016-10-02 20:48:00,0.321
2016-10-02 20:54:00,0.33
2016-10-02 21:00:00,0.351
2016-10-02 21:06:00,0.367
2016-10-02 21:12:00,0.383
2016-10-02 21:18:00,0.394
2016-10-02 21:24:00,0.416
2016-10-02 21:30:00,0.437
2016-10-02 21:36:00,0.459
2016-10-02 21:42:00,0.473
2016-10-02 21:48:00,0.493
2016-10-02 21:54:00,0.513
2016-10-02 22:00:00,0.535
2016-10-02 22:06:00,0.554
2016-10-02 22:12:00,0.569
2016-10-02 22:18:00,0.588
2016-10-02 22:24:00,0.615
2016-10-02 22:30:00,0.63
2016-10-02 22:36:00,0.645
2016-10-02 22:42:00,0.667
2016-10-02 22:48:00,0.688
2016-10-02 22:54:00,0.707
2016-10-02 23:00:00,0.723
2016-10-02 23:06:00,0.743
2016-10-02 23:12:00,0.763
2016-10-02 23:18:00,0.778
2016-10-02 23:24:00,0.806
2016-10-02 23:30:00,0.813
2016-10-02 23:36:00,0.83
2016-10-02 23:42:00,0.852
2016-10-02 23:48:00,0.871
2016-10-02 23:54:00,0.879
2016-10-03 00:00:00,0.893
2016-10-03 00:06:00,0.913
2016-10-03 00:12:00,0.931
2016-10-03 00:18:00,0.936
2016-10-03 00:24:00,0.95
2016-10-03 00:30:00,0.951
2016-10-03 00:36:00,0.965
2016-10-03 00:42:00,0.974
2016-10-03 00:48:00,0.976
2016-10-03 00:54:00,0.986
2016-10-03 01:00:00,0.996
2016-10-03 01:06:00,0.995
2016-10-03 01:12:00,1.0
2016-10-03 01:18:00,0.995
2016-10-03 01:24:00,1.005
2016-10-03 01:30:00,0.999
2016-10-03 01:36:00,0.995
2016-10-03 01:42:00,1.003
2016-10-03 01:48:00,0.993
2016-10-03 01:54:00,0.986
2016-10-03 02:00:00,0.984
2016-10-03 02:06:00,0.979
2016-10-03 02:12:00,0.975
2016-10-03 02:18:00,0.964
2016-10-03 02:24:00,0.951
2016-10-03 02:30:00,0.945
2016-10-03 02:36:00,0.93
2016-10-03 02:42:00,0.921
2016-10-03 02:48:00,0.906
2016-10-03 02:54:00,0.893
2016-10-03 03:00:00,0.877
2016-10-03 03:06:00,0.855
2016-10-03 03:12:00,0.842
2016-10-03 03:18:00,0.821
2016-10-03 03:24:00,0.803
2016-10-03 03:30:00,0.786
2016-10-03 03:36:00,0.764
2016-10-03 03:42:00,0.742
2016-10-03 03:48:00,0.728
2016-10-03 03:54:00,0.71
2016-10-03 04:00:00,0.695
2016-10-03 04:06:00,0.672
2016-10-03 04:12:00,0.656
2016-10-03 04:18:00,0.634
2016-10-03 04:24:00,0.616
2016-10-03 04:30:00,0.6
2016-10-03 04:36:00,0.58
2016-10-03 04:42:00,0.568
2016-10-03 04:48:00,0.547
2016-10-03 04:54:00,0.523
2016-10-03 05:00:00,0.509
2016-10-03 05:06:00,0.487
2016-10-03 05:12:00,0.475
2016-10-03 05:18:00,0.457
2016-10-03 05:24:00,0.435
2016-10-03 05:30:00,0.419
2016-10-03 05:36:00,0.404
2016-10-03 05:42:00,0.388
2016-10-03 05:48:00,0.367
2016-10-03 05:54:00,0.359
2016-10-03 06:00:00,0.345
2016-10-03 06:06:00,0.336
2016-10-03 06:12:00,0.316
2016-10-03 06:18:00,0.305
2016-10-03 06:24:00,0.296
2016-10-03 06:30:00,0.283
2016-10-03 06:36:00,0.27
2016-10-03 06:42:00,0.263
2016-10-03 06:48:00,0.262
2016-10-03 06:54:00,0.255
2016-10-03 07:00:00,0.252
2016-10-03 07:06:00,0.249
2016-10-03 07:12:00,0.237
2016-10-03 07:18:00,0.244
2016-10-03 07:24:00,0.242
2016-10-03 07:30:00,0.242
2016-10-03 07:36:00,0.243
2016-10-03 07:42:00,0.239
2016-10-03 07:48:00,0.245
2016-10-03 07:54:00,0.25
2016-10-03 08:00:00,0.254
2016-10-03 08:06:00,0.267
2016-10-03 08:12:00,0.271
2016-10-03 08:18:00,0.279
2016-10-03 08:24:00,0.293
2016-10-03 08:30:00,0.296
2016-10-03 08:36:00,0.311
2016-10-03 08:42:00,0.324
2016-10-03 08:48:00,0.336
2016-10-03 08:54:00,0.351
2016-10-03 09:00:00,0.362
2016-10-03 09:06:00,0.382
2016-10-03 09:12:00,0.402
2016-10-03 09:18:00,0.418
2016-10-03 09:24:00,0.432
2016-10-03 09:30:00,0.449
2016-10-03 09:36:00,0.473
2016-10-03 09:42:00,0.491
2016-10-03 09:48:00,0.506
2016-10-03 09:54:00,0.524
2016-10-03 10:00:00,0.549
2016-10-03 10:06:00,0.565
2016-10-03 10:12:00,0.583
2016-10-03 10:18:00,0.605
2016-10-03 10:24:00,0.62
2016-10-03 10:30:00,0.653
2016-10-03 10:36:00,0.669
2016-10-03 10:42:00,0.691
2016-10-03 10:48:00,0.71
2016-10-03 10:54:00,0.728
2016-10-03 11:00:00,0.757
2016-10-03 11:06:00,0.773
2016-10-03 11:12:00,0.797
2016-10-03 11:18:00,0.824
2016-10-03 11:24:00,0.842
2016-10-03 11:30:00,0.867
2016-10-03 11:36:00,0.885
2016-10-03 11:42:00,0.898
2016-10-03 11:48:00,0.918
2016-10-03 11:54:00,0.935
2016-10-03 12:00:00,0.95
2016-10-03 12:06:00,0.959
2016-10-03 12:12:00,0.971
2016-10-03 12:18:00,0.997
2016-10-03 12:24:00,1.01
2016-10-03 12:30:00,1.022
2016-10-03 12:36:00,1.032
2016-10-03 12:42:00,1.042
2016-10-03 12:48:00,1.052
2016-10-03 12:54:00,1.067
2016-10-03 13:00:00,1.067
2016-10-03 13:06:00,1.071
2016-10-03 13:12:00,1.077
2016-10-03 13:18:00,1.081
2016-10-03 13:24:00,1.09
2016-10-03 13:30:00,1.091
2016-10-03 13:36:00,1.096
2016-10-03 13:42:00,1.095
2016-10-03 13:48:00,1.099
2016-10-03 13:54:00,1.094
2016-10-03 14:00:00,1.095
2016-10-03 14:06:00,1.093
2016-10-03 14:12:00,1.093
2016-10-03 14:18:00,1.089
2016-10-03 14:24:00,1.072
2016-10-03 14:30:00,1.073
2016-10-03 14:36:00,1.066
2016-10-03 14:42:00,1.055
2016-10-03 14:48:00,1.04
2016-10-03 14:54:00,1.031
2016-10-03 15:00:00,1.023
2016-10-03 15:06:00,1.011
2016-10-03 15:12:00,0.999
2016-10-03 15:18:00,0.978
2016-10-03 15:24:00,0.968
2016-10-03 15:30:00,0.951
2016-10-03 15:36:00,0.926
2016-10-03 15:42:00,0.91
2016-10-03 15:48:00,0.895
2016-10-03 15:54:00,0.876
2016-10-03 16:00:00,0.858
2016-10-03 16:06:00,0.836
2016-10-03 16:12:00,0.825
2016-10-03 16:18:00,0.801
2016-10-03 16:24:00,0.777
2016-10-03 16:30:00,0.753
2016-10-03 16:36:00,0.728
2016-10-03 16:42:00,0.717
2016-10-03 16:48:00,0.694
2016-10-03 16:54:00,0.672
2016-10-03 17:00:00,0.645
2016-10-03 17:06:00,0.622
2016-10-03 17:12:00,0.61
2016-10-03 17:18:00,0.587
2016-10-03 17:24:00,0.561
2016-10-03 17:30:00,0.559
2016-10-03 17:36:00,0.534
2016-10-03 17:42:00,0.511
2016-10-03 17:48:00,0.497
2016-10-03 17:54:00,0.485
2016-10-03 18:00:00,0.467
2016-10-03 18:06:00,0.452
2016-10-03 18:12:00,0.439
2016-10-03 18:18:00,0.417
2016-10-03 18:24:00,0.405
2016-10-03 18:30:00,0.39
2016-10-03 18:36:00,0.371
2016-10-03 18:42:00,0.358
2016-10-03 18:48:00,0.354
2016-10-03 18:54:00,0.342
2016-10-03 19:00:00,0.334
2016-10-03 19:06:00,0.326
2016-10-03 19:12:00,0.312
2016-10-03 19:18:00,0.306
2016-10-03 19:24:00,0.296
2016-10-03 19:30:00,0.299
2016-10-03 19:36:00,0.296
2016-10-03 19:42:00,0.293
2016-10-03 19:48:00,0.294
2016-10-03 19:54:00,0.294
2016-10-03 20:00:00,0.29
2016-10-03 20:06:00,0.296
2016-10-03 20:12:00,0.293
2016-10-03 20:18:00,0.295
2016-10-03 20:24:00,0.299
2016-10-03 20:30:00,0.296
2016-10-03 20:36:00,0.306
2016-10-03 20:42:00,0.321
2016-10-03 20:48:00,0.323
2016-10-03 20:54:00,0.331
2016-10-03 21:00:00,0.336
2016-10-03 21:06:00,0.345
2016-10-03 21:12:00,0.361
2016-10-03 21:18:00,0.372
2016-10-03 21:24:00,0.376
2016-10-03 21:30:00,0.39
2016-10-03 21:36:00,0.398
2016-10-03 21:42:00,0.415
2016-10-03 21:48:00,0.44
2016-10-03 21:54:00,0.452
2016-10-03 22:00:00,0.467
2016-10-03 22:06:00,0.486
2016-10-03 22:12:00,0.506
2016-10-03 22:18:00,0.522
2016-10-03 22:24:00,0.542
2016-10-03 22:30:00,0.555
2016-10-03 22:36:00,0.567
2016-10-03 22:42:00,0.59
2016-10-03 22:48:00,0.609
2016-10-03 22:54:00,0.618
2016-10-03 23:00:00,0.64
2016-10-03 23:06:00,0.661
2016-10-03 23:12:00,0.684
2016-10-03 23:18:00,0.693
2016-10-03 23:24:00,0.715
2016-10-03 23:30:00,0.732
2016-10-03 23:36:00,0.754
2016-10-03 23:42:00,0.766
2016-10-03 23:48:00,0.782
2016-10-03 23:54:00,0.799
2016-10-04 00:00:00,0.815
2016-10-04 00:06:00,0.842
2016-10-04 00:12:00,0.845
2016-10-04 00:18:00,0.867
2016-10-04 00:24:00,0.877
2016-10-04 00:30:00,0.902
2016-10-04 00:36:00,0.911
2016-10-04 00:42:00,0.915
2016-10-04 00:48:00,0.928
2016-10-04 00:54:00,0.936
2016-10-04 01:00:00,0.947
2016-10-04 01:06:00,0.961
2016-10-04 01:12:00,0.962
2016-10-04 01:18:00,0.972
2016-10-04 01:24:00,0.978
2016-10-04 01:30:00,0.989
2016-10-04 01:36:00,0.99
2016-10-04 01:42:00,0.994
2016-10-04 01:48:00,0.993
2016-10-04 01:54:00,0.995
2016-10-04 02:00:00,0.998
2016-10-04 02:06:00,1.009
2016-10-04 02:12:00,0.988
2016-10-04 02:18:00,0.99
2016-10-04 02:24:00,0.994
2016-10-04 02:30:00,0.981
2016-10-04 02:36:00,0.978
2016-10-04 02:42:00,0.964
2016-10-04 02:48:00,0.963
2016-10-04 02:54:00,0.95
2016-10-04 03:00:00,0.944
2016-10-04 03:06:00,0.936
2016-10-04 03:12:00,0.921
2016-10-04 03:18:00,0.923
2016-10-04 03:24:00,0.905
2016-10-04 03:30:00,0.882
2016-10-04 03:36:00,0.872
2016-10-04 03:42:00,0.856
2016-10-04 03:48:00,0.845
2016-10-04 03:54:00,0.817
2016-10-04 04:00:00,0.798
2016-10-04 04:06:00,0.785
2016-10-04 04:12:00,0.774
2016-10-04 04:18:00,0.748
2016-10-04 04:24:00,0.733
2016-10-04 04:30:00,0.715
2016-10-04 04:36:00,0.706
2016-10-04 04:42:00,0.682
2016-10-04 04:48:00,0.662
2016-10-04 04:54:00,0.65
2016-10-04 05:00:00,0.63
2016-10-04 05:06:00,0.614
2016-10-04 05:12:00,0.598
2016-10-04 05:18:00,0.58
2016-10-04 05:24:00,0.569
2016-10-04 05:30:00,0.548
2016-10-04 05:36:00,0.533
2016-10-04 05:42:00,0.518
2016-10-04 05:48:00,0.497
2016-10-04 05:54:00,0.487
2016-10-04 06:00:00,0.466
2016-10-04 06:06:00,0.448
2016-10-04 06:12:00,0.429
2016-10-04 06:18:00,0.417
2016-10-04 06:24:00,0.407
2016-10-04 06:30:00,0.402
2016-10-04 06:36:00,0.387
2016-10-04 06:42:00,0.373
2016-10-04 06:48:00,0.369
2016-10-04 06:54:00,0.351
2016-10-04 07:00:00,0.344
2016-10-04 07:06:00,0.327
2016-10-04 07:12:00,0.327
2016-10-04 07:18:00,0.318
2016-10-04 07:24:00,0.317
2016-10-04 07:30:00,0.306
2016-10-04 07:36:00,0.304
2016-10-04 07:42:00,0.309
2016-10-04 07:48:00,0.301
2016-10-04 07:54:00,0.308
2016-10-04 08:00:00,0.308
2016-10-04 08:06:00,0.304
2016-10-04 08:12:00,0.303
2016-10-04 08:18:00,0.302
2016-10-04 08:24:00,0.308
2016-10-04 08:30:00,0.319
2016-10-04 08:36:00,0.316
2016-10-04 08:42:00,0.333
2016-10-04 08:48:00,0.33
2016-10-04 08:54:00,0.344
2016-10-04 09:00:00,0.358
2016-10-04 09:06:00,0.356
2016-10-04 09:12:00,0.367
2016-10-04 09:18:00,0.39
2016-10-04 09:24:00,0.397
2016-10-04 09:30:00,0.409
2016-10-04 09:36:00,0.43
2016-10-04 09:42:00,0.448
2016-10-04 09:48:00,0.462
2016-10-04 09:54:00,0.475
2016-10-04 10:00:00,0.495
2016-10-04 10:06:00,0.508
2016-10-04 10:12:00,0.522
2016-10-04 10:18:00,0.544
2016-10-04 10:24:00,0.563
2016-10-04 10:30:00,0.574
2016-10-04 10:36:00,0.596
2016-10-04 10:42:00,0.617
2016-10-04 10:48:00,0.632
2016-10-04 10:54:00,0.655
2016-10-04 11:00:00,0.674
2016-10-04 11:06:00,0.695
2016-10-04 11:12:00,0.707
2016-10-04 11:18:00,0.725
2016-10-04 11:24:00,0.747
2016-10-04 11:30:00,0.767
2016-10-04 11:36:00,0.78
2016-10-04 11:42:00,0.805
2016-10-04 11:48:00,0.819
2016-10-04 11:54:00,0.839
2016-10-04 12:00:00,0.862
2016-10-04 12:06:00,0.876
2016-10-04 12:12:00,0.902
2016-10-04 12:18:00,0.909
2016-10-04 12:24:00,0.93
2016-10-04 12:30:00,0.937
2016-10-04 12:36:00,0.951
2016-10-04 12:42:00,0.968
2016-10-04 12:48:00,0.979
2016-10-04 12:54:00,0.998
2016-10-04 13:00:00,1.003
2016-10-04 13:06:00,1.018
2016-10-04 13:12:00,1.022
2016-10-04 13:18:00,1.032
2016-10-04 13:24:00,1.046
2016-10-04 13:30:00,1.047
2016-10-04 13:36:00,1.055
2016-10-04 13:42:00,1.063
2016-10-04 13:48:00,1.071
2016-10-04 13:54:00,1.079
2016-10-04 14:00:00,1.076
2016-10-04 14:06:00,1.078
2016-10-04 14:12:00,1.081
2016-10-04 14:18:00,1.085
2016-10-04 14:24:00,1.079
2016-10-04 14:30:00,1.082
2016-10-04 14:36:00,1.08
2016-10-04 14:42:00,1.074
2016-10-04 14:48:00,1.066
2016-10-04 14:54:00,1.06
2016-10-04 15:00:00,1.054
2016-10-04 15:06:00,1.044
2016-10-04 15:12:00,1.04
2016-10-04 15:18:00,1.028
2016-10-04 15:24:00,1.02
2016-10-04 15:30:00,1.014
2016-10-04 15:36:00,1.005
2016-10-04 15:42:00,0.995
2016-10-04 15:48:00,0.968
2016-10-04 15:54:00,0.961
2016-10-04 16:00:00,0.95
2016-10-04 16:06:00,0.928
2016-10-04 16:12:00,0.914
2016-10-04 16:18:00,0.9
2016-10-04 16:24:00,0.888
2016-10-04 16:30:00,0.863
2016-10-04 16:36:00,0.846
2016-10-04 16:42:00,0.827
2016-10-04 16:48:00,0.807
2016-10-04 16:54:00,0.788
2016-10-04 17:00:00,0.771
2016-10-04 17:06:00,0.743
2016-10-04 17:12:00,0.725
2016-10-04 17:18:00,0.702
2016-10-04 17:24:00,0.687
2016-10-04 17:30:00,0.664
2016-10-04 17:36:00,0.648
2016-10-04 17:42:00,0.625
2016-10-04 17:48:00,0.612
2016-10-04 17:54:00,0.595
2016-10-04 18:00:00,0.586
2016-10-04 18:06:00,0.564
2016-10-04 18:12:00,0.552
2016-10-04 18:18:00,0.542
2016-10-04 18:24:00,0.518
2016-10-04 18:30:00,0.501
2016-10-04 18:36:00,0.483
2016-10-04 18:42:00,0.468
2016-10-04 18:48:00,0.455
2016-10-04 18:54:00,0.441
2016-10-04 19:00:00,0.427
2016-10-04 19:06:00,0.416
2016-10-04 19:12:00,0.412
2016-10-04 19:18:00,0.387
2016-10-04 19:24:00,0.382
2016-10-04 19:30:00,0.368
2016-10-04 19:36:00,0.359
2016-10-04 19:42:00,0.349
2016-10-04 19:48:00,0.343
2016-10-04 19:54:00,0.331
2016-10-04 20:00:00,0.322
2016-10-04 20:06:00,0.328
2016-10-04 20:12:00,0.322
2016-10-04 20:18:00,0.313
2016-10-04 20:24:00,0.315
2016-10-04 20:30:00,0.307
2016-10-04 20:36:00,0.303
2016-10-04 20:42:00,0.301
2016-10-04 20:48:00,0.307
2016-10-04 20:54:00,0.303
2016-10-04 21:00:00,0.316
2016-10-04 21:06:00,0.307
2016-10-04 21:12:00,0.32
2016-10-04 21:18:00,0.33
2016-10-04 21:24:00,0.33
2016-10-04 21:30:00,0.333
2016-10-04 21:36:00,0.344
2016-10-04 21:42:00,0.359
2016-10-04 21:48:00,0.373
2016-10-04 21:54:00,0.376
2016-10-04 22:00:00,0.384
2016-10-04 22:06:00,0.397
2016-10-04 22:12:00,0.412
2016-10-04 22:18:00,0.424
2016-10-04 22:24:00,0.435
2016-10-04 22:30:00,0.455
2016-10-04 22:36:00,0.466
2016-10-04 22:42:00,0.483
2016-10-04 22:48:00,0.497
2016-10-04 22:54:00,0.505
2016-10-04 23:00:00,0.532
2016-10-04 23:06:00,0.546
2016-10-04 23:12:00,0.559
2016-10-04 23:18:00,0.57
2016-10-04 23:24:00,0.586
2016-10-04 23:30:00,0.602
2016-10-04 23:36:00,0.618
2016-10-04 23:42:00,0.633
2016-10-04 23:48:00,0.653
2016-10-04 23:54:00,0.669
2016-10-05 00:00:00,0.679
2016-10-05 00:06:00,0.693
2016-10-05 00:12:00,0.709
2016-10-05 00:18:00,0.725
2016-10-05 00:24:00,0.745
2016-10-05 00:30:00,0.76
2016-10-05 00:36:00,0.771
2016-10-05 00:42:00,0.79
2016-10-05 00:48:00,0.8
2016-10-05 00:54:00,0.814
2016-10-05 01:00:00,0.824
2016-10-05 01:06:00,0.843
2016-10-05 01:12:00,0.857
2016-10-05 01:18:00,0.863
2016-10-05 01:24:00,0.871
2016-10-05 01:30:00,0.882
2016-10-05 01:36:00,0.888
2016-10-05 01:42:00,0.9
2016-10-05 01:48:00,0.901
2016-10-05 01:54:00,0.914
2016-10-05 02:00:00,0.918
2016-10-05 02:06:00,0.915
2016-10-05 02:12:00,0.921
2016-10-05 02:18:00,0.925
2016-10-05 02:24:00,0.929
2016-10-05 02:30:00,0.933
2016-10-05 02:36:00,0.924
2016-10-05 02:42:00,0.925
2016-10-05 02:48:00,0.926
2016-10-05 02:54:00,0.917
2016-10-05 03:00:00,0.921
2016-10-05 03:06:00,0.916
2016-10-05 03:12:00,0.912
2016-10-05 03:18:00,0.911
2016-10-05 03:24:00,0.9
2016-10-05 03:30:00,0.898
2016-10-05 03:36:00,0.891
2016-10-05 03:42:00,0.882
2016-10-05 03:48:00,0.873
2016-10-05 03:54:00,0.863
2016-10-05 04:00:00,0.853
2016-10-05 04:06:00,0.834
2016-10-05 04:12:00,0.824
2016-10-05 04:18:00,0.813
2016-10-05 04:24:00,0.803
2016-10-05 04:30:00,0.788
2016-10-05 04:36:00,0.774
2016-10-05 04:42:00,0.767
2016-10-05 04:48:00,0.743
2016-10-05 04:54:00,0.735
2016-10-05 05:00:00,0.718
2016-10-05 05:06:00,0.703
2016-10-05 05:12:00,0.685
2016-10-05 05:18:00,0.673
2016-10-05 05:24:00,0.657
2016-10-05 05:30:00,0.644
2016-10-05 05:36:00,0.625
2016-10-05 05:42:00,0.615
2016-10-05 05:48:00,0.592
2016-10-05 05:54:00,0.583
2016-10-05 06:00:00,0.56
2016-10-05 06:06:00,0.554
2016-10-05 06:12:00,0.53
2016-10-05 06:18:00,0.513
2016-10-05 06:24:00,0.503
2016-10-05 06:30:00,0.489
2016-10-05 06:36:00,0.476
2016-10-05 06:42:00,0.462
2016-10-05 06:48:00,0.457
2016-10-05 06:54:00,0.437
2016-10-05 07:00:00,0.425
2016-10-05 07:06:00,0.42
2016-10-05 07:12:00,0.409
2016-10-05 07:18:00,0.395
2016-10-05 07:24:00,0.393
2016-10-05 07:30:00,0.373
2016-10-05 07:36:00,0.362
2016-10-05 07:42:00,0.361
2016-10-05 07:48:00,0.347
2016-10-05 07:54:00,0.339
2016-10-05 08:00:00,0.334
2016-10-05 08:06:00,0.328
2016-10-05 08:12:00,0.321
2016-10-05 08:18:00,0.323
2016-10-05 08:24:00,0.317
2016-10-05 08:30:00,0.315
2016-10-05 08:36:00,0.319
2016-10-05 08:42:00,0.315
2016-10-05 08:48:00,0.316
2016-10-05 08:54:00,0.316
2016-10-05 09:00:00,0.319
2016-10-05 09:06:00,0.33
2016-10-05 09:12:00,0.337
2016-10-05 09:18:00,0.343
2016-10-05 09:24:00,0.345
2016-10-05 09:30:00,0.35
2016-10-05 09:36:00,0.361
2016-10-05 09:42:00,0.368
2016-10-05 09:48:00,0.379
2016-10-05 09:54:00,0.384
2016-10-05 10:00:00,0.4
2016-10-05 10:06:00,0.407
2016-10-05 10:12:00,0.428
2016-10-05 10:18:00,0.422
2016-10-05 10:24:00,0.448
2016-10-05 10:30:00,0.463
2016-10-05 10:36:00,0.47
2016-10-05 10:42:00,0.491
2016-10-05 10:48:00,0.499
2016-10-05 10:54:00,0.523
2016-10-05 11:00:00,0.539
2016-10-05 11:06:00,0.551
2016-10-05 11:12:00,0.57
2016-10-05 11:18:00,0.592
2016-10-05 11:24:00,0.609
2016-10-05 11:30:00,0.625
2016-10-05 11:36:00,0.643
2016-10-05 11:42:00,0.655
2016-10-05 11:48:00,0.674
2016-10-05 11:54:00,0.694
2016-10-05 12:00:00,0.72
2016-10-05 12:06:00,0.729
2016-10-05 12:12:00,0.749
2016-10-05 12:18:00,0.775
2016-10-05 12:24:00,0.788
2016-10-05 12:30:00,0.809
2016-10-05 12:36:00,0.826
2016-10-05 12:42:00,0.85
2016-10-05 12:48:00,0.868
2016-10-05 12:54:00,0.878
2016-10-05 13:00:00,0.888
2016-10-05 13:06:00,0.903
2016-10-05 13:12:00,0.923
2016-10-05 13:18:00,0.939
2016-10-05 13:24:00,0.949
2016-10-05 13:30:00,0.961
2016-10-05 13:36:00,0.976
2016-10-05 13:42:00,0.985
2016-10-05 13:48:00,0.993
2016-10-05 13:54:00,1.009
2016-10-05 14:00:00,1.011
2016-10-05 14:06:00,1.024
2016-10-05 14:12:00,1.027
2016-10-05 14:18:00,1.029
2016-10-05 14:24:00,1.031
2016-10-05 14:30:00,1.039
2016-10-05 14:36:00,1.038
2016-10-05 14:42:00,1.041
2016-10-05 14:48:00,1.041
2016-10-05 14:54:00,1.044
2016-10-05 15:00:00,1.048
2016-10-05 15:06:00,1.047
2016-10-05 15:12:00,1.038
2016-10-05 15:18:00,1.046
2016-10-05 15:24:00,1.039
2016-10-05 15:30:00,1.041
2016-10-05 15:36:00,1.029
2016-10-05 15:42:00,1.024
2016-10-05 15:48:00,1.019
2016-10-05 15:54:00,1.004
2016-10-05 16:00:00,0.999
2016-10-05 16:06:00,0.987
2016-10-05 16:12:00,0.972
2016-10-05 16:18:00,0.968
2016-10-05 16:24:00,0.948
2016-10-05 16:30:00,0.938
2016-10-05 16:36:00,0.923
2016-10-05 16:42:00,0.911
2016-10-05 16:48:00,0.9
2016-10-05 16:54:00,0.884
2016-10-05 17:00:00,0.877
2016-10-05 17:06:00,0.863
2016-10-05 17:12:00,0.839
2016-10-05 17:18:00,0.83
2016-10-05 17:24:00,0.81
2016-10-05 17:30:00,0.783
2016-10-05 17:36:00,0.765
2016-10-05 17:42:00,0.754
2016-10-05 17:48:00,0.729
2016-10-05 17:54:00,0.717
2016-10-05 18:00:00,0.694
2016-10-05 18:06:00,0.679
2016-10-05 18:12:00,0.664
2016-10-05 18:18:00,0.646
2016-10-05 18:24:00,0.633
2016-10-05 18:30:00,0.621
2016-10-05 18:36:00,0.602
2016-10-05 18:42:00,0.588
2016-10-05 18:48:00,0.565
2016-10-05 18:54:00,0.553
2016-10-05 19:00:00,0.533
2016-10-05 19:06:00,0.529
2016-10-05 19:12:00,0.513
2016-10-05 19:18:00,0.496
2016-10-05 19:24:00,0.477
2016-10-05 19:30:00,0.476
2016-10-05 19:36:00,0.461
2016-10-05 19:42:00,0.448
2016-10-05 19:48:00,0.436
2016-10-05 19:54:00,0.428
2016-10-05 20:00:00,0.419
2016-10-05 20:06:00,0.407
2016-10-05 20:12:00,0.394
2016-10-05 20:18:00,0.387
2016-10-05 20:24:00,0.384
2016-10-05 20:30:00,0.378
2016-10-05 20:36:00,0.369
2016-10-05 20:42:00,0.365
2016-10-05 20:48:00,0.363
2016-10-05 20:54:00,0.357
2016-10-05 21:00:00,0.347
2016-10-05 21:06:00,0.359
2016-10-05 21:12:00,0.356
2016-10-05 21:18:00,0.353
2016-10-05 21:24:00,0.35
2016-10-05 21:30:00,0.347
2016-10-05 21:36:00,0.347
2016-10-05 21:42:00,0.352
2016-10-05 21:48:00,0.352
2016-10-05 21:54:00,0.36
2016-10-05 22:00:00,0.362
2016-10-05 22:06:00,0.37
2016-10-05 22:12:00,0.378
2016-10-05 22:18:00,0.38
2016-10-05 22:24:00,0.392
2016-10-05 22:30:00,0.399
2016-10-05 22:36:00,0.408
2016-10-05 22:42:00,0.418
2016-10-05 22:48:00,0.427
2016-10-05 22:54:00,0.442
2016-10-05 23:00:00,0.453
2016-10-05 23:06:00,0.462
2016-10-05 23:12:00,0.474
2016-10-05 23:18:00,0.492
2016-10-05 23:24:00,0.5
2016-10-05 23:30:00,0.517
2016-10-05 23:36:00,0.526
2016-10-05 23:42:00,0.543
2016-10-05 23:48:00,0.554
2016-10-05 23:54:00,0.57
2016-10-06 00:00:00,0.58
2016-10-06 00:06:00,0.593
2016-10-06 00:12:00,0.606
2016-10-06 00:18:00,0.621
2016-10-06 00:24:00,0.637
2016-10-06 00:30:00,0.649
2016-10-06 00:36:00,0.664
2016-10-06 00:42:00,0.672
2016-10-06 00:48:00,0.685
2016-10-06 00:54:00,0.693
2016-10-06 01:00:00,0.71
2016-10-06 01:06:00,0.72
2016-10-06 01:12:00,0.742
2016-10-06 01:18:00,0.753
2016-10-06 01:24:00,0.766
2016-10-06 01:30:00,0.778
2016-10-06 01:36:00,0.796
2016-10-06 01:42:00,0.809
2016-10-06 01:48:00,0.814
2016-10-06 01:54:00,0.835
2016-10-06 02:00:00,0.849
2016-10-06 02:06:00,0.853
2016-10-06 02:12:00,0.866
2016-10-06 02:18:00,0.868
2016-10-06 02:24:00,0.875
2016-10-06 02:30:00,0.88
2016-10-06 02:36:00,0.89
2016-10-06 02:42:00,0.892
2016-10-06 02:48:00,0.896
2016-10-06 02:54:00,0.902
2016-10-06 03:00:00,0.903
2016-10-06 03:06:00,0.898
2016-10-06 03:12:00,0.906
2016-10-06 03:18:00,0.909
2016-10-06 03:24:00,0.912
2016-10-06 03:30:00,0.909
2016-10-06 03:36:00,0.904
2016-10-06 03:42:00,0.897
2016-10-06 03:48:00,0.895
2016-10-06 03:54:00,0.887
2016-10-06 04:00:00,0.882
2016-10-06 04:06:00,0.876
2016-10-06 04:12:00,0.872
2016-10-06 04:18:00,0.863
2016-10-06 04:24:00,0.855
2016-10-06 04:30:00,0.845
2016-10-06 04:36:00,0.841
2016-10-06 04:42:00,0.824
2016-10-06 04:48:00,0.811
2016-10-06 04:54:00,0.801
2016-10-06 05:00:00,0.788
2016-10-06 05:06:00,0.782
2016-10-06 05:12:00,0.775
2016-10-06 05:18:00,0.763
2016-10-06 05:24:00,0.747
2016-10-06 05:30:00,0.745
2016-10-06 05:36:00,0.724
2016-10-06 05:42:00,0.71
2016-10-06 05:48:00,0.697
2016-10-06 05:54:00,0.682
2016-10-06 06:00:00,0.67
2016-10-06 06:06:00,0.649
2016-10-06 06:12:00,0.637
2016-10-06 06:18:00,0.627
2016-10-06 06:24:00,0.613
2016-10-06 06:30:00,0.596
2016-10-06 06:36:00,0.587
2016-10-06 06:42:00,0.572
2016-10-06 06:48:00,0.561
2016-10-06 06:54:00,0.546
2016-10-06 07:00:00,0.534
2016-10-06 07:06:00,0.524
2016-10-06 07:12:00,0.509
2016-10-06 07:18:00,0.5
2016-10-06 07:24:00,0.49
2016-10-06 07:30:00,0.479
2016-10-06 07:36:00,0.462
2016-10-06 07:42:00,0.455
2016-10-06 07:48:00,0.437
2016-10-06 07:54:00,0.429
2016-10-06 08:00:00,0.415
2016-10-06 08:06:00,0.415
2016-10-06 08:12:00,0.408
2016-10-06 08:18:00,0.393
2016-10-06 08:24:00,0.389
2016-10-06 08:30:00,0.382
2016-10-06 08:36:00,0.379
2016-10-06 08:42:00,0.369
2016-10-06 08:48:00,0.366
2016-10-06 08:54:00,0.365
2016-10-06 09:00:00,0.362
2016-10-06 09:06:00,0.364
2016-10-06 09:12:00,0.363
2016-10-06 09:18:00,0.36
2016-10-06 09:24:00,0.366
2016-10-06 09:30:00,0.367
2016-10-06 09:36:00,0.371
2016-10-06 09:42:00,0.365
2016-10-06 09:48:00,0.375
2016-10-06 09:54:00,0.384
2016-10-06 10:00:00,0.387
2016-10-06 10:06:00,0.39
2016-10-06 10:12:00,0.392
2016-10-06 10:18:00,0.402
2016-10-06 10:24:00,0.408
2016-10-06 10:30:00,0.412
2016-10-06 10:36:00,0.424
2016-10-06 10:42:00,0.433
2016-10-06 10:48:00,0.451
2016-10-06 10:54:00,0.46
2016-10-06 11:00:00,0.468
2016-10-06 11:06:00,0.483
2016-10-06 11:12:00,0.497
2016-10-06 11:18:00,0.509
2016-10-06 11:24:00,0.528
2016-10-06 11:30:00,0.544
2016-10-06 11:36:00,0.557
2016-10-06 11:42:00,0.57
2016-10-06 11:48:00,0.586
2016-10-06 11:54:00,0.599
2016-10-06 12:00:00,0.618
2016-10-06 12:06:00,0.633
2016-10-06 12:12:00,0.647
2016-10-06 12:18:00,0.657
2016-10-06 12:24:00,0.677
2016-10-06 12:30:00,0.687
2016-10-06 12:36:00,0.693
2016-10-06 12:42:00,0.712
2016-10-06 12:48:00,0.732
2016-10-06 12:54:00,0.749
2016-10-06 13:00:00,0.763
2016-10-06 13:06:00,0.779
2016-10-06 13:12:00,0.806
2016-10-06 13:18:00,0.823
2016-10-06 13:24:00,0.838
2016-10-06 13:30:00,0.852
2016-10-06 13:36:00,0.862
2016-10-06 13:42:00,0.878
2016-10-06 13:48:00,0.888
2016-10-06 13:54:00,0.9
2016-10-06 14:00:00,0.907
2016-10-06 14:06:00,0.924
2016-10-06 14:12:00,0.93
2016-10-06 14:18:00,0.94
2016-10-06 14:24:00,0.948
2016-10-06 14:30:00,0.96
2016-10-06 14:36:00,0.966
2016-10-06 14:42:00,0.971
2016-10-06 14:48:00,0.974
2016-10-06 14:54:00,0.98
2016-10-06 15:00:00,0.992
2016-10-06 15:06:00,0.997
2016-10-06 15:12:00,1.003
2016-10-06 15:18:00,1.002
2016-10-06 15:24:00,1.004
2016-10-06 15:30:00,1.004
2016-10-06 15:36:00,1.001
2016-10-06 15:42:00,1.004
2016-10-06 15:48:00,1.008
2016-10-06 15:54:00,1.007
2016-10-06 16:00:00,0.997
2016-10-06 16:06:00,0.999
2016-10-06 16:12:00,0.995
2016-10-06 16:18:00,0.99
2016-10-06 16:24:00,0.984
2016-10-06 16:30:00,0.98
2016-10-06 16:36:00,0.968
2016-10-06 16:42:00,0.963
2016-10-06 16:48:00,0.955
2016-10-06 16:54:00,0.943
2016-10-06 17:00:00,0.935
2016-10-06 17:06:00,0.918
2016-10-06 17:12:00,0.904
2016-10-06 17:18:00,0.895
2016-10-06 17:24:00,0.887
2016-10-06 17:30:00,0.876
2016-10-06 17:36:00,0.861
2016-10-06 17:42:00,0.853
2016-10-06 17:48:00,0.828
2016-10-06 17:54:00,0.82
2016-10-06 18:00:00,0.811
2016-10-06 18:06:00,0.795
2016-10-06 18:12:00,0.777
2016-10-06 18:18:00,0.759
2016-10-06 18:24:00,0.748
2016-10-06 18:30:00,0.729
2016-10-06 18:36:00,0.712
2016-10-06 18:42:00,0.697
2016-10-06 18:48:00,0.672
2016-10-06 18:54:00,0.668
2016-10-06 19:00:00,0.647
2016-10-06 19:06:00,0.63
2016-10-06 19:12:00,0.621
2016-10-06 19:18:00,0.599
2016-10-06 19:24:00,0.584
2016-10-06 19:30:00,0.567
2016-10-06 19:36:00,0.549
2016-10-06 19:42:00,0.534
2016-10-06 19:48:00,0.526
2016-10-06 19:54:00,0.511
2016-10-06 20:00:00,0.502
2016-10-06 20:06:00,0.487
2016-10-06 20:12:00,0.477
2016-10-06 20:18:00,0.465
2016-10-06 20:24:00,0.455
2016-10-06 20:30:00,0.441
2016-10-06 20:36:00,0.423
2016-10-06 20:42:00,0.416
2016-10-06 20:48:00,0.401
2016-10-06 20:54:00,0.39
2016-10-06 21:00:00,0.384
2016-10-06 21:06:00,0.377
2016-10-06 21:12:00,0.375
2016-10-06 21:18:00,0.366
2016-10-06 21:24:00,0.359
2016-10-06 21:30:00,0.354
2016-10-06 21:36:00,0.349
2016-10-06 21:42:00,0.352
2016-10-06 21:48:00,0.347
2016-10-06 21:54:00,0.346
2016-10-06 22:00:00,0.337
2016-10-06 22:06:00,0.342
2016-10-06 22:12:00,0.349
2016-10-06 22:18:00,0.343
2016-10-06 22:24:00,0.347
2016-10-06 22:30:00,0.351
2016-10-06 22:36:00,0.365
2016-10-06 22:42:00,0.371
2016-10-06 22:48:00,0.373
2016-10-06 22:54:00,0.376
2016-10-06 23:00:00,0.378
2016-10-06 23:06:00,0.39
2016-10-06 23:12:00,0.392
2016-10-06 23:18:00,0.405
2016-10-06 23:24:00,0.424
2016-10-06 23:30:00,0.435
2016-10-06 23:36:00,0.444
2016-10-06 23:42:00,0.448
2016-10-06 23:48:00,0.467
2016-10-06 23:54:00,0.475
2016-10-07 00:00:00,0.492
2016-10-07 00:06:00,0.5
2016-10-07 00:12:00,0.505
2016-10-07 00:18:00,0.518
2016-10-07 00:24:00,0.531
2016-10-07 00:30:00,0.542
2016-10-07 00:36:00,0.554
2016-10-07 00:42:00,0.57
2016-10-07 00:48:00,0.584
2016-10-07 00:54:00,0.593
2016-10-07 01:00:00,0.604
2016-10-07 01:06:00,0.617
2016-10-07 01:12:00,0.628
2016-10-07 01:18:00,0.645
2016-10-07 01:24:00,0.658
2016-10-07 01:30:00,0.666
2016-10-07 01:36:00,0.681
2016-10-07 01:42:00,0.691
2016-10-07 01:48:00,0.709
2016-10-07 01:54:00,0.713
2016-10-07 02:00:00,0.738
2016-10-07 02:06:00,0.746
2016-10-07 02:12:00,0.753
2016-10-07 02:18:00,0.758
2016-10-07 02:24:00,0.771
2016-10-07 02:30:00,0.775
2016-10-07 02:36:00,0.786
2016-10-07 02:42:00,0.799
2016-10-07 02:48:00,0.799
2016-10-07 02:54:00,0.813
2016-10-07 03:00:00,0.809
2016-10-07 03:06:00,0.824
2016-10-07 03:12:00,0.829
2016-10-07 03:18:00,0.843
2016-10-07 03:24:00,0.844
2016-10-07 03:30:00,0.843
2016-10-07 03:36:00,0.841
2016-10-07 03:42:00,0.84
2016-10-07 03:48:00,0.845
2016-10-07 03:54:00,0.839
2016-10-07 04:00:00,0.843
2016-10-07 04:06:00,0.833
2016-10-07 04:12:00,0.841
2016-10-07 04:18:00,0.842
2016-10-07 04:24:00,0.842
2016-10-07 04:30:00,0.836
2016-10-07 04:36:00,0.834
2016-10-07 04:42:00,0.823
2016-10-07 04:48:00,0.818
2016-10-07 04:54:00,0.814
2016-10-07 05:00:00,0.806
2016-10-07 05:06:00,0.803
2016-10-07 05:12:00,0.8
2016-10-07 05:18:00,0.792
2016-10-07 05:24:00,0.783
2016-10-07 05:30:00,0.775
2016-10-07 05:36:00,0.764
2016-10-07 05:42:00,0.754
2016-10-07 05:48:00,0.743
2016-10-07 05:54:00,0.731
2016-10-07 06:00:00,0.713
2016-10-07 06:06:00,0.705
2016-10-07 06:12:00,0.694
2016-10-07 06:18:00,0.685
2016-10-07 06:24:00,0.666
2016-10-07 06:30:00,0.664
2016-10-07 06:36:00,0.639
2016-10-07 06:42:00,0.632
2016-10-07 06:48:00,0.625
2016-10-07 06:54:00,0.604
2016-10-07 07:00:00,0.598
2016-10-07 07:06:00,0.581
2016-10-07 07:12:00,0.566
2016-10-07 07:18:00,0.555
2016-10-07 07:24:00,0.547
2016-10-07 07:30:00,0.53
2016-10-07 07:36:00,0.515
2016-10-07 07:42:00,0.515
2016-10-07 07:48:00,0.492
2016-10-07 07:54:00,0.482
2016-10-07 08:00:00,0.477
2016-10-07 08:06:00,0.456
2016-10-07 08:12:00,0.447
2016-10-07 08:18:00,0.434
2016-10-07 08:24:00,0.424
2016-10-07 08:30:00,0.407
2016-10-07 08:36:00,0.406
2016-10-07 08:42:00,0.396
2016-10-07 08:48:00,0.399
2016-10-07 08:54:00,0.378
2016-10-07 09:00:00,0.376
2016-10-07 09:06:00,0.37
2016-10-07 09:12:00,0.361
2016-10-07 09:18:00,0.349
2016-10-07 09:24:00,0.352
2016-10-07 09:30:00,0.355
2016-10-07 09:36:00,0.349
2016-10-07 09:42:00,0.348
2016-10-07 09:48:00,0.355
2016-10-07 09:54:00,0.342
2016-10-07 10:00:00,0.349
2016-10-07 10:06:00,0.349
2016-10-07 10:12:00,0.357
2016-10-07 10:18:00,0.357
2016-10-07 10:24:00,0.354
2016-10-07 10:30:00,0.361
2016-10-07 10:36:00,0.365
2016-10-07 10:42:00,0.374
2016-10-07 10:48:00,0.379
2016-10-07 10:54:00,0.376
2016-10-07 11:00:00,0.391
2016-10-07 11:06:00,0.397
2016-10-07 11:12:00,0.396
2016-10-07 11:18:00,0.402
2016-10-07 11:24:00,0.407
2016-10-07 11:30:00,0.421
2016-10-07 11:36:00,0.435
2016-10-07 11:42:00,0.43
2016-10-07 11:48:00,0.447
2016-10-07 11:54:00,0.465
2016-10-07 12:00:00,0.486
2016-10-07 12:06:00,0.491
2016-10-07 12:12:00,0.513
2016-10-07 12:18:00,0.51
2016-10-07 12:24:00,0.525
2016-10-07 12:30:00,0.537
2016-10-07 12:36:00,0.542
2016-10-07 12:42:00,0.566
2016-10-07 12:48:00,0.57
2016-10-07 12:54:00,0.598
2016-10-07 13:00:00,0.61
2016-10-07 13:06:00,0.628
2016-10-07 13:12:00,0.639
2016-10-07 13:18:00,0.648
2016-10-07 13:24:00,0.672
2016-10-07 13:30:00,0.681
2016-10-07 13:36:00,0.693
2016-10-07 13:42:00,0.714
2016-10-07 13:48:00,0.736
2016-10-07 13:54:00,0.739
2016-10-07 14:00:00,0.753
2016-10-07 14:06:00,0.774
2016-10-07 14:12:00,0.78
2016-10-07 14:18:00,0.794
2016-10-07 14:24:00,0.804
2016-10-07 14:30:00,0.813
2016-10-07 14:36:00,0.822
2016-10-07 14:42:00,0.838
2016-10-07 14:48:00,0.847
2016-10-07 14:54:00,0.855
2016-10-07 15:00:00,0.88
2016-10-07 15:06:00,0.872
2016-10-07 15:12:00,0.891
2016-10-07 15:18:00,0.904
2016-10-07 15:24:00,0.912
2016-10-07 15:30:00,0.916
2016-10-07 15:36:00,0.931
2016-10-07 15:42:00,0.929
2016-10-07 15:48:00,0.917
2016-10-07 15:54:00,0.93
2016-10-07 16:00:00,0.942
2016-10-07 16:06:00,0.932
2016-10-07 16:12:00,0.94
2016-10-07 16:18:00,0.942
2016-10-07 16:24:00,0.948
2016-10-07 16:30:00,0.937
2016-10-07 16:36:00,0.932
2016-10-07 16:42:00,0.938
2016-10-07 16:48:00,0.932
2016-10-07 16:54:00,0.93
2016-10-07 17:00:00,0.929
2016-10-07 17:06:00,0.919
2016-10-07 17:12:00,0.907
2016-10-07 17:18:00,0.912
2016-10-07 17:24:00,0.9
2016-10-07 17:30:00,0.9
2016-10-07 17:36:00,0.886
2016-10-07 17:42:00,0.881
2016-10-07 17:48:00,0.877
2016-10-07 17:54:00,0.85
2016-10-07 18:00:00,0.847
2016-10-07 18:06:00,0.841
2016-10-07 18:12:00,0.839
2016-10-07 18:18:00,0.835
2016-10-07 18:24:00,0.815
2016-10-07 18:30:00,0.804
2016-10-07 18:36:00,0.801
2016-10-07 18:42:00,0.778
2016-10-07 18:48:00,0.771
2016-10-07 18:54:00,0.758
2016-10-07 19:00:00,0.746
2016-10-07 19:06:00,0.729
2016-10-07 19:12:00,0.714
2016-10-07 19:18:00,0.706
2016-10-07 19:24:00,0.679
2016-10-07 19:30:00,0.678
2016-10-07 19:36:00,0.655
2016-10-07 19:42:00,0.642
2016-10-07 19:48:00,0.63
2016-10-07 19:54:00,0.614
2016-10-07 20:00:00,0.6
2016-10-07 20:06:00,0.591
2016-10-07 20:12:00,0.58
2016-10-07 20:18:00,0.557
2016-10-07 20:24:00,0.556
2016-10-07 20:30:00,0.545
2016-10-07 20:36:00,0.52
2016-10-07 20:42:00,0.514
2016-10-07 20:48:00,0.51
2016-10-07 20:54:00,0.492
2016-10-07 21:00:00,0.48
2016-10-07 21:06:00,0.471
2016-10-07 21:12:00,0.464
2016-10-07 21:18:00,0.449
2016-10-07 21:24:00,0.442
2016-10-07 21:30:00,0.429
2016-10-07 21:36:00,0.42
2016-10-07 21:42:00,0.412
2016-10-07 21:48:00,0.41
2016-10-07 21:54:00,0.396
2016-10-07 22:00:00,0.393
2016-10-07 22:06:00,0.393
2016-10-07 22:12:00,0.382
2016-10-07 22:18:00,0.384
2016-10-07 22:24:00,0.385
2016-10-07 22:30:00,0.368
2016-10-07 22:36:00,0.366
2016-10-07 22:42:00,0.367
2016-10-07 22:48:00,0.362
2016-10-07 22:54:00,0.362
2016-10-07 23:00:00,0.353
2016-10-07 23:06:00,0.369
2016-10-07 23:12:00,0.368
2016-10-07 23:18:00,0.371
2016-10-07 23:24:00,0.368
2016-10-07 23:30:00,0.374
2016-10-07 23:36:00,0.387
2016-10-07 23:42:00,0.394
2016-10-07 23:48:00,0.393
2016-10-07 23:54:00,0.396
2016-10-08 00:00:00,0.4
2016-10-08 00:06:00,0.413
2016-10-08 00:12:00,0.426
2016-10-08 00:18:00,0.437
2016-10-08 00:24:00,0.442
2016-10-08 00:30:00,0.451
2016-10-08 00:36:00,0.46
2016-10-08 00:42:00,0.471
2016-10-08 00:48:00,0.475
2016-10-08 00:54:00,0.489
2016-10-08 01:00:00,0.496
2016-10-08 01:06:00,0.512
2016-10-08 01:12:00,0.517
2016-10-08 01:18:00,0.529
2016-10-08 01:24:00,0.544
2016-10-08 01:30:00,0.555
2016-10-08 01:36:00,0.563
2016-10-08 01:42:00,0.578
2016-10-08 01:48:00,0.596
2016-10-08 01:54:00,0.613
2016-10-08 02:00:00,0.616
2016-10-08 02:06:00,0.62
2016-10-08 02:12:00,0.638
2016-10-08 02:18:00,0.656
2016-10-08 02:24:00,0.663
2016-10-08 02:30:00,0.683
2016-10-08 02:36:00,0.686
2016-10-08 02:42:00,0.701
2016-10-08 02:48:00,0.707
2016-10-08 02:54:00,0.717
2016-10-08 03:00:00,0.725
2016-10-08 03:06:00,0.732
2016-10-08 03:12:00,0.751
2016-10-08 03:18:00,0.755
2016-10-08 03:24:00,0.757
2016-10-08 03:30:00,0.765
2016-10-08 03:36:00,0.77
2016-10-08 03:42:00,0.77
2016-10-08 03:48:00,0.778
2016-10-08 03:54:00,0.788
2016-10-08 04:00:00,0.789
2016-10-08 04:06:00,0.795
2016-10-08 04:12:00,0.799
2016-10-08 04:18:00,0.798
2016-10-08 04:24:00,0.812
2016-10-08 04:30:00,0.809
2016-10-08 04:36:00,0.811
2016-10-08 04:42:00,0.811
2016-10-08 04:48:00,0.806
2016-10-08 04:54:00,0.81
2016-10-08 05:00:00,0.813
2016-10-08 05:06:00,0.805
2016-10-08 05:12:00,0.813
2016-10-08 05:18:00,0.801
2016-10-08 05:24:00,0.804
2016-10-08 05:30:00,0.79
2016-10-08 05:36:00,0.799
2016-10-08 05:42:00,0.786
2016-10-08 05:48:00,0.781
2016-10-08 05:54:00,0.778
2016-10-08 06:00:00,0.762
2016-10-08 06:06:00,0.77
2016-10-08 06:12:00,0.764
2016-10-08 06:18:00,0.76
2016-10-08 06:24:00,0.743
2016-10-08 06:30:00,0.731
2016-10-08 06:36:00,0.737
2016-10-08 06:42:00,0.723
2016-10-08 06:48:00,0.718
2016-10-08 06:54:00,0.707
2016-10-08 07:00:00,0.696
2016-10-08 07:06:00,0.684
2016-10-08 07:12:00,0.672
2016-10-08 07:18:00,0.665
2016-10-08 07:24:00,0.644
2016-10-08 07:30:00,0.655
2016-10-08 07:36:00,0.646
2016-10-08 07:42:00,0.62
2016-10-08 07:48:00,0.608
2016-10-08 07:54:00,0.594
2016-10-08 08:00:00,0.579
2016-10-08 08:06:00,0.563
2016-10-08 08:12:00,0.545
2016-10-08 08:18:00,0.537
2016-10-08 08:24:00,0.522
2016-10-08 08:30:00,0.515
2016-10-08 08:36:00,0.511
2016-10-08 08:42:00,0.49
2016-10-08 08:48:00,0.483
2016-10-08 08:54:00,0.468
2016-10-08 09:00:00,0.461
2016-10-08 09:06:00,0.445
2016-10-08 09:12:00,0.448
2016-10-08 09:18:00,0.431
2016-10-08 09:24:00,0.426
2016-10-08 09:30:00,0.424
2016-10-08 09:36:00,0.412
2016-10-08 09:42:00,0.398
2016-10-08 09:48:00,0.397
2016-10-08 09:54:00,0.399
2016-10-08 10:00:00,0.389
2016-10-08 10:06:00,0.385
2016-10-08 10:12:00,0.379
2016-10-08 10:18:00,0.376
2016-10-08 10:24:00,0.378
2016-10-08 10:30:00,0.37
2016-10-08 10:36:00,0.37
2016-10-08 10:42:00,0.364
2016-10-08 10:48:00,0.374
2016-10-08 10:54:00,0.367
2016-10-08 11:00:00,0.372
2016-10-08 11:06:00,0.37
2016-10-08 11:12:00,0.376
2016-10-08 11:18:00,0.378
2016-10-08 11:24:00,0.379
2016-10-08 11:30:00,0.381
2016-10-08 11:36:00,0.393
2016-10-08 11:42:00,0.398
2016-10-08 11:48:00,0.402
2016-10-08 11:54:00,0.399
2016-10-08 12:00:00,0.411
2016-10-08 12:06:00,0.423
2016-10-08 12:12:00,0.43
2016-10-08 12:18:00,0.44
2016-10-08 12:24:00,0.454
2016-10-08 12:30:00,0.461
2016-10-08 12:36:00,0.465
2016-10-08 12:42:00,0.491
2016-10-08 12:48:00,0.498
2016-10-08 12:54:00,0.518
2016-10-08 13:00:00,0.522
2016-10-08 13:06:00,0.532
2016-10-08 13:12:00,0.544
2016-10-08 13:18:00,0.561
2016-10-08 13:24:00,0.577
2016-10-08 13:30:00,0.592
2016-10-08 13:36:00,0.596
2016-10-08 13:42:00,0.616
2016-10-08 13:48:00,0.619
2016-10-08 13:54:00,0.63
2016-10-08 14:00:00,0.645
2016-10-08 14:06:00,0.669
2016-10-08 14:12:00,0.68
2016-10-08 14:18:00,0.697
2016-10-08 14:24:00,0.701
2016-10-08 14:30:00,0.717
2016-10-08 14:36:00,0.734
2016-10-08 14:42:00,0.753
2016-10-08 14:48:00,0.77
2016-10-08 14:54:00,0.775
2016-10-08 15:00:00,0.8
2016-10-08 15:06:00,0.795
2016-10-08 15:12:00,0.811
2016-10-08 15:18:00,0.824
2016-10-08 15:24:00,0.84
2016-10-08 15:30:00,0.848
2016-10-08 15:36:00,0.864
2016-10-08 15:42:00,0.869
2016-10-08 15:48:00,0.876
2016-10-08 15:54:00,0.887
2016-10-08 16:00:00,0.894
2016-10-08 16:06:00,0.899
2016-10-08 16:12:00,0.915
2016-10-08 16:18:00,0.924
2016-10-08 16:24:00,0.919
2016-10-08 16:30:00,0.93
2016-10-08 16:36:00,0.943
2016-10-08 16:42:00,0.953
2016-10-08 16:48:00,0.955
2016-10-08 16:54:00,0.965
2016-10-08 17:00:00,0.963
2016-10-08 17:06:00,0.953
2016-10-08 17:12:00,0.962
2016-10-08 17:18:00,0.959
2016-10-08 17:24:00,0.96
2016-10-08 17:30:00,0.957
2016-10-08 17:36:00,0.96
2016-10-08 17:42:00,0.955
2016-10-08 17:48:00,0.955
2016-10-08 17:54:00,0.938
2016-10-08 18:00:00,0.942
2016-10-08 18:06:00,0.943
2016-10-08 18:12:00,0.939
2016-10-08 18:18:00,0.928
2016-10-08 18:24:00,0.925
2016-10-08 18:30:00,0.908
2016-10-08 18:36:00,0.899
2016-10-08 18:42:00,0.903
2016-10-08 18:48:00,0.903
2016-10-08 18:54:00,0.882
2016-10-08 19:00:00,0.878
2016-10-08 19:06:00,0.864
2016-10-08 19:12:00,0.855
2016-10-08 19:18:00,0.833
2016-10-08 19:24:00,0.83
2016-10-08 19:30:00,0.82
2016-10-08 19:36:00,0.809
2016-10-08 19:42:00,0.792
2016-10-08 19:48:00,0.777
2016-10-08 19:54:00,0.773
2016-10-08 20:00:00,0.76
2016-10-08 20:06:00,0.75
2016-10-08 20:12:00,0.739
2016-10-08 20:18:00,0.728
2016-10-08 20:24:00,0.707
2016-10-08 20:30:00,0.692
2016-10-08 20:36:00,0.681
2016-10-08 20:42:00,0.664
2016-10-08 20:48:00,0.659
2016-10-08 20:54:00,0.642
2016-10-08 21:00:00,0.631
2016-10-08 21:06:00,0.611
2016-10-08 21:12:00,0.596
2016-10-08 21:18:00,0.588
2016-10-08 21:24:00,0.584
2016-10-08 21:30:00,0.567
2016-10-08 21:36:00,0.553
2016-10-08 21:42:00,0.54
2016-10-08 21:48:00,0.532
2016-10-08 21:54:00,0.514
2016-10-08 22:00:00,0.499
2016-10-08 22:06:00,0.492
2016-10-08 22:12:00,0.488
2016-10-08 22:18:00,0.47
2016-10-08 22:24:00,0.475
2016-10-08 22:30:00,0.47
2016-10-08 22:36:00,0.45
2016-10-08 22:42:00,0.451
2016-10-08 22:48:00,0.44
2016-10-08 22:54:00,0.435
2016-10-08 23:00:00,0.434
2016-10-08 23:06:00,0.434
2016-10-08 23:12:00,0.428
2016-10-08 23:18:00,0.41
2016-10-08 23:24:00,0.402
2016-10-08 23:30:00,0.413
2016-10-08 23:36:00,0.409
2016-10-08 23:42:00,0.404
2016-10-08 23:48:00,0.407
2016-10-08 23:54:00,0.419
2016-10-09 00:00:00,0.408
2016-10-09 00:06:00,0.41
2016-10-09 00:12:00,0.413
2016-10-09 00:18:00,0.426
2016-10-09 00:24:00,0.427
2016-10-09 00:30:00,0.424
2016-10-09 00:36:00,0.417
2016-10-09 00:42:00,0.436
2016-10-09 00:48:00,0.448
2016-10-09 00:54:00,0.456
2016-10-09 01:00:00,0.455
2016-10-09 01:06:00,0.466
2016-10-09 01:12:00,0.464
2016-10-09 01:18:00,0.47
2016-10-09 01:24:00,0.482
2016-10-09 01:30:00,0.483
2016-10-09 01:36:00,0.505
2016-10-09 01:42:00,0.513
2016-10-09 01:48:00,0.525
2016-10-09 01:54:00,0.532
2016-10-09 02:00:00,0.543
2016-10-09 02:06:00,0.554
2016-10-09 02:12:00,0.572
2016-10-09 02:18:00,0.575
2016-10-09 02:24:00,0.589
2016-10-09 02:30:00,0.594
2016-10-09 02:36:00,0.614
2016-10-09 02:42:00,0.63
2016-10-09 02:48:00,0.643
2016-10-09 02:54:00,0.645
2016-10-09 03:00:00,0.655
2016-10-09 03:06:00,0.675
2016-10-09 03:12:00,0.682
2016-10-09 03:18:00,0.692
2016-10-09 03:24:00,0.712
2016-10-09 03:30:00,0.72
2016-10-09 03:36:00,0.719
2016-10-09 03:42:00,0.728
2016-10-09 03:48:00,0.738
2016-10-09 03:54:00,0.747
2016-10-09 04:00:00,0.758
2016-10-09 04:06:00,0.768
2016-10-09 04:12:00,0.78
2016-10-09 04:18:00,0.791
2016-10-09 04:24:00,0.795
2016-10-09 04:30:00,0.809
2016-10-09 04:36:00,0.82
2016-10-09 04:42:00,0.822
2016-10-09 04:48:00,0.825
2016-10-09 04:54:00,0.829
2016-10-09 05:00:00,0.827
2016-10-09 05:06:00,0.845
2016-10-09 05:12:00,0.843
2016-10-09 05:18:00,0.864
2016-10-09 05:24:00,0.862
2016-10-09 05:30:00,0.86
2016-10-09 05:36:00,0.864
2016-10-09 05:42:00,0.864
2016-10-09 05:48:00,0.858
2016-10-09 05:54:00,0.855
2016-10-09 06:00:00,0.851
2016-10-09 06:06:00,0.854
2016-10-09 06:12:00,0.842
2016-10-09 06:18:00,0.843
2016-10-09 06:24:00,0.85
2016-10-09 06:30:00,0.848
2016-10-09 06:36:00,0.843
2016-10-09 06:42:00,0.84
2016-10-09 06:48:00,0.828
2016-10-09 06:54:00,0.818
2016-10-09 07:00:00,0.81
2016-10-09 07:06:00,0.805
2016-10-09 07:12:00,0.805
2016-10-09 07:18:00,0.792
2016-10-09 07:24:00,0.796
2016-10-09 07:30:00,0.775
2016-10-09 07:36:00,0.765
2016-10-09 07:42:00,0.755
2016-10-09 07:48:00,0.741
2016-10-09 07:54:00,0.724
2016-10-09 08:00:00,0.714
2016-10-09 08:06:00,0.703
2016-10-09 08:12:00,0.698
2016-10-09 08:18:00,0.677
2016-10-09 08:24:00,0.668
2016-10-09 08:30:00,0.661
2016-10-09 08:36:00,0.648
2016-10-09 08:42:00,0.633
2016-10-09 08:48:00,0.617
2016-10-09 08:54:00,0.613
2016-10-09 09:00:00,0.603
2016-10-09 09:06:00,0.587
2016-10-09 09:12:00,0.591
2016-10-09 09:18:00,0.576
2016-10-09 09:24:00,0.556
2016-10-09 09:30:00,0.553
2016-10-09 09:36:00,0.54
2016-10-09 09:42:00,0.533
2016-10-09 09:48:00,0.516
2016-10-09 09:54:00,0.512
2016-10-09 10:00:00,0.5
2016-10-09 10:06:00,0.491
2016-10-09 10:12:00,0.487
2016-10-09 10:18:00,0.479
2016-10-09 10:24:00,0.461
2016-10-09 10:30:00,0.46
2016-10-09 10:36:00,0.467
2016-10-09 10:42:00,0.456
2016-10-09 10:48:00,0.433
2016-10-09 10:54:00,0.429
2016-10-09 11:00:00,0.423
2016-10-09 11:06:00,0.429
2016-10-09 11:12:00,0.424
2016-10-09 11:18:00,0.42
2016-10-09 11:24:00,0.429
2016-10-09 11:30:00,0.413
2016-10-09 11:36:00,0.414
2016-10-09 11:42:00,0.41
2016-10-09 11:48:00,0.4
2016-10-09 11:54:00,0.406
2016-10-09 12:00:00,0.405
2016-10-09 12:06:00,0.408
2016-10-09 12:12:00,0.399
2016-10-09 12:18:00,0.401
2016-10-09 12:24:00,0.402
2016-10-09 12:30:00,0.434
2016-10-09 12:36:00,0.43
2016-10-09 12:42:00,0.452
2016-10-09 12:48:00,0.454
2016-10-09 12:54:00,0.439
2016-10-09 13:00:00,0.444
2016-10-09 13:06:00,0.453
2016-10-09 13:12:00,0.474
2016-10-09 13:18:00,0.489
2016-10-09 13:24:00,0.494
2016-10-09 13:30:00,0.504
2016-10-09 13:36:00,0.511
2016-10-09 13:42:00,0.523
2016-10-09 13:48:00,0.531
2016-10-09 13:54:00,0.557
2016-10-09 14:00:00,0.573
2016-10-09 14:06:00,0.572
2016-10-09 14:12:00,0.577
2016-10-09 14:18:00,0.597
2016-10-09 14:24:00,0.614
2016-10-09 14:30:00,0.642
2016-10-09 14:36:00,0.652
2016-10-09 14:42:00,0.663
2016-10-09 14:48:00,0.675
2016-10-09 14:54:00,0.681
2016-10-09 15:00:00,0.701
2016-10-09 15:06:00,0.708
2016-10-09 15:12:00,0.723
2016-10-09 15:18:00,0.745
2016-10-09 15:24:00,0.754
2016-10-09 15:30:00,0.765
2016-10-09 15:36:00,0.778
2016-10-09 15:42:00,0.796
2016-10-09 15:48:00,0.819
2016-10-09 15:54:00,0.829
2016-10-09 16:00:00,0.831
2016-10-09 16:06:00,0.841
2016-10-09 16:12:00,0.86
2016-10-09 16:18:00,0.876
2016-10-09 16:24:00,0.885
2016-10-09 16:30:00,0.895
2016-10-09 16:36:00,0.912
2016-10-09 16:42:00,0.927
2016-10-09 16:48:00,0.931
2016-10-09 16:54:00,0.93
2016-10-09 17:00:00,0.948
2016-10-09 17:06:00,0.953
2016-10-09 17:12:00,0.959
2016-10-09 17:18:00,0.967
2016-10-09 17:24:00,0.969
2016-10-09 17:30:00,0.975
2016-10-09 17:36:00,0.985
2016-10-09 17:42:00,0.985
2016-10-09 17:48:00,0.994
2016-10-09 17:54:00,1.005
2016-10-09 18:00:00,0.996
2016-10-09 18:06:00,1.001
2016-10-09 18:12:00,1.008
2016-10-09 18:18:00,1.006
2016-10-09 18:24:00,1.008
2016-10-09 18:30:00,1.004
2016-10-09 18:36:00,1.003
2016-10-09 18:42:00,1.001
2016-10-09 18:48:00,0.997
2016-10-09 18:54:00,0.993
2016-10-09 19:00:00,0.983
2016-10-09 19:06:00,0.985
2016-10-09 19:12:00,0.979
2016-10-09 19:18:00,0.987
2016-10-09 19:24:00,0.962
2016-10-09 19:30:00,0.956
2016-10-09 19:36:00,0.954
2016-10-09 19:42:00,0.933
2016-10-09 19:48:00,0.926
2016-10-09 19:54:00,0.912
2016-10-09 20:00:00,0.908
2016-10-09 20:06:00,0.892
2016-10-09 20:12:00,0.887
2016-10-09 20:18:00,0.878
2016-10-09 20:24:00,0.872
2016-10-09 20:30:00,0.853
2016-10-09 20:36:00,0.837
2016-10-09 20:42:00,0.839
2016-10-09 20:48:00,0.828
2016-10-09 20:54:00,0.809
2016-10-09 21:00:00,0.777
2016-10-09 21:06:00,0.767
2016-10-09 21:12:00,0.765
2016-10-09 21:18:00,0.753
2016-10-09 21:24:00,0.731
2016-10-09 21:30:00,0.718
2016-10-09 21:36:00,0.708
2016-10-09 21:42:00,0.677
2016-10-09 21:48:00,0.671
2016-10-09 21:54:00,0.655
2016-10-09 22:00:00,0.648
2016-10-09 22:06:00,0.632
2016-10-09 22:12:00,0.631
2016-10-09 22:18:00,0.603
2016-10-09 22:24:00,0.596
2016-10-09 22:30:00,0.579
2016-10-09 22:36:00,0.577
2016-10-09 22:42:00,0.562
2016-10-09 22:48:00,0.56
2016-10-09 22:54:00,0.544
2016-10-09 23:00:00,0.529
2016-10-09 23:06:00,0.521
2016-10-09 23:12:00,0.516
2016-10-09 23:18:00,0.495
2016-10-09 23:24:00,0.494
2016-10-09 23:30:00,0.489
2016-10-09 23:36:00,0.479
2016-10-09 23:42:00,0.48
2016-10-09 23:48:00,0.466
2016-10-09 23:54:00,0.46
2016-10-10 00:00:00,0.455
2016-10-10 00:06:00,0.458
2016-10-10 00:12:00,0.457
2016-10-10 00:18:00,0.45
2016-10-10 00:24:00,0.44
2016-10-10 00:30:00,0.456
2016-10-10 00:36:00,0.443
2016-10-10 00:42:00,0.449
2016-10-10 00:48:00,0.442
2016-10-10 00:54:00,0.453
2016-10-10 01:00:00,0.443
2016-10-10 01:06:00,0.445
2016-10-10 01:12:00,0.45
2016-10-10 01:18:00,0.456
2016-10-10 01:24:00,0.455
2016-10-10 01:30:00,0.463
2016-10-10 01:36:00,0.469
2016-10-10 01:42:00,0.469
2016-10-10 01:48:00,0.485
2016-10-10 01:54:00,0.491
2016-10-10 02:00:00,0.492
2016-10-10 02:06:00,0.501
2016-10-10 02:12:00,0.504
2016-10-10 02:18:00,0.51
2016-10-10 02:24:00,0.518
2016-10-10 02:30:00,0.536
2016-10-10 02:36:00,0.541
2016-10-10 02:42:00,0.559
2016-10-10 02:48:00,0.567
2016-10-10 02:54:00,0.577
2016-10-10 03:00:00,0.586
2016-10-10 03:06:00,0.601
2016-10-10 03:12:00,0.606
2016-10-10 03:18:00,0.605
2016-10-10 03:24:00,0.625
2016-10-10 03:30:00,0.635
2016-10-10 03:36:00,0.649
2016-10-10 03:42:00,0.648
2016-10-10 03:48:00,0.668
2016-10-10 03:54:00,0.68
2016-10-10 04:00:00,0.686
2016-10-10 04:06:00,0.703
2016-10-10 04:12:00,0.71
2016-10-10 04:18:00,0.734
2016-10-10 04:24:00,0.754
2016-10-10 04:30:00,0.758
2016-10-10 04:36:00,0.767
2016-10-10 04:42:00,0.774
2016-10-10 04:48:00,0.77
2016-10-10 04:54:00,0.788
2016-10-10 05:00:00,0.795
2016-10-10 05:06:00,0.805
2016-10-10 05:12:00,0.813
2016-10-10 05:18:00,0.822
2016-10-10 05:24:00,0.829
2016-10-10 05:30:00,0.828
2016-10-10 05:36:00,0.847
2016-10-10 05:42:00,0.855
2016-10-10 05:48:00,0.868
2016-10-10 05:54:00,0.86
2016-10-10 06:00:00,0.862
2016-10-10 06:06:00,0.868
2016-10-10 06:12:00,0.874
2016-10-10 06:18:00,0.882
2016-10-10 06:24:00,0.888
2016-10-10 06:30:00,0.886
2016-10-10 06:36:00,0.881
2016-10-10 06:42:00,0.884
2016-10-10 06:48:00,0.874
2016-10-10 06:54:00,0.876
2016-10-10 07:00:00,0.886
2016-10-10 07:06:00,0.874
2016-10-10 07:12:00,0.876
2016-10-10 07:18:00,0.878
2016-10-10 07:24:00,0.88
2016-10-10 07:30:00,0.862
2016-10-10 07:36:00,0.854
2016-10-10 07:42:00,0.854
2016-10-10 07:48:00,0.858
2016-10-10 07:54:00,0.848
2016-10-10 08:00:00,0.836
2016-10-10 08:06:00,0.845
2016-10-10 08:12:00,0.838
2016-10-10 08:18:00,0.828
2016-10-10 08:24:00,0.794
2016-10-10 08:30:00,0.794
2016-10-10 08:36:00,0.793
2016-10-10 08:42:00,0.791
2016-10-10 08:48:00,0.771
2016-10-10 08:54:00,0.752
2016-10-10 09:00:00,0.741
2016-10-10 09:06:00,0.707
2016-10-10 09:12:00,0.705
2016-10-10 09:18:00,0.715
2016-10-10 09:24:00,0.695
2016-10-10 09:30:00,0.682
2016-10-10 09:36:00,0.67
2016-10-10 09:42:00,0.655
2016-10-10 09:48:00,0.634
2016-10-10 09:54:00,0.631
2016-10-10 10:00:00,0.624
2016-10-10 10:06:00,0.629
2016-10-10 10:12:00,0.603
2016-10-10 10:18:00,0.596
2016-10-10 10:24:00,0.585
2016-10-10 10:30:00,0.572
2016-10-10 10:36:00,0.57
2016-10-10 10:42:00,0.55
2016-10-10 10:48:00,0.549
2016-10-10 10:54:00,0.539
2016-10-10 11:00:00,0.522
2016-10-10 11:06:00,0.515
2016-10-10 11:12:00,0.504
2016-10-10 11:18:00,0.504
2016-10-10 11:24:00,0.501
2016-10-10 11:30:00,0.478
2016-10-10 11:36:00,0.483
2016-10-10 11:42:00,0.462
2016-10-10 11:48:00,0.462
2016-10-10 11:54:00,0.456
2016-10-10 12:00:00,0.449
2016-10-10 12:06:00,0.447
2016-10-10 12:12:00,0.44
2016-10-10 12:18:00,0.435
2016-10-10 12:24:00,0.432
2016-10-10 12:30:00,0.421
2016-10-10 12:36:00,0.425
2016-10-10 12:42:00,0.43
2016-10-10 12:48:00,0.431
2016-10-10 12:54:00,0.439
2016-10-10 13:00:00,0.424
2016-10-10 13:06:00,0.424
2016-10-10 13:12:00,0.439
2016-10-10 13:18:00,0.438
2016-10-10 13:24:00,0.428
2016-10-10 13:30:00,0.443
2016-10-10 13:36:00,0.459
2016-10-10 13:42:00,0.471
2016-10-10 13:48:00,0.463
2016-10-10 13:54:00,0.47
2016-10-10 14:00:00,0.472
2016-10-10 14:06:00,0.502
2016-10-10 14:12:00,0.497
2016-10-10 14:18:00,0.49
2016-10-10 14:24:00,0.505
2016-10-10 14:30:00,0.523
2016-10-10 14:36:00,0.533
2016-10-10 14:42:00,0.542
2016-10-10 14:48:00,0.556
2016-10-10 14:54:00,0.565
2016-10-10 15:00:00,0.585
2016-10-10 15:06:00,0.587
2016-10-10 15:12:00,0.604
2016-10-10 15:18:00,0.612
2016-10-10 15:24:00,0.632
2016-10-10 15:30:00,0.654
2016-10-10 15:36:00,0.666
2016-10-10 15:42:00,0.67
2016-10-10 15:48:00,0.707
2016-10-10 15:54:00,0.709
2016-10-10 16:00:00,0.723
2016-10-10 16:06:00,0.746
2016-10-10 16:12:00,0.764
2016-10-10 16:18:00,0.766
2016-10-10 16:24:00,0.787
2016-10-10 16:30:00,0.796
2016-10-10 16:36:00,0.817
2016-10-10 16:42:00,0.83
2016-10-10 16:48:00,0.841
2016-10-10 16:54:00,0.862
2016-10-10 17:00:00,0.884
2016-10-10 17:06:00,0.881
2016-10-10 17:12:00,0.897
2016-10-10 17:18:00,0.913
2016-10-10 17:24:00,0.929
2016-10-10 17:30:00,0.941
2016-10-10 17:36:00,0.94
2016-10-10 17:42:00,0.963
2016-10-10 17:48:00,0.976
2016-10-10 17:54:00,0.982
2016-10-10 18:00:00,0.988
2016-10-10 18:06:00,0.998
2016-10-10 18:12:00,1.001
2016-10-10 18:18:00,1.014
2016-10-10 18:24:00,1.022
2016-10-10 18:30:00,1.029
2016-10-10 18:36:00,1.034
2016-10-10 18:42:00,1.039
2016-10-10 18:48:00,1.044
2016-10-10 18:54:00,1.048
2016-10-10 19:00:00,1.051
2016-10-10 19:06:00,1.053
2016-10-10 19:12:00,1.055
2016-10-10 19:18:00,1.056
2016-10-10 19:24:00,1.056
2016-10-10 19:30:00,1.055
2016-10-10 19:36:00,1.054
2016-10-10 19:42:00,1.052
2016-10-10 19:48:00,1.049
2016-10-10 19:54:00,1.049
2016-10-10 20:00:00,1.044
2016-10-10 20:06:00,1.04
2016-10-10 20:12:00,1.031
2016-10-10 20:18:00,1.029
2016-10-10 20:24:00,1.013
2016-10-10 20:30:00,0.999
2016-10-10 20:36:00,0.99
2016-10-10 20:42:00,0.993
2016-10-10 20:48:00,0.979
2016-10-10 20:54:00,0.976
2016-10-10 21:00:00,0.965
2016-10-10 21:06:00,0.943
2016-10-10 21:12:00,0.937
2016-10-10 21:18:00,0.912
2016-10-10 21:24:00,0.905
2016-10-10 21:30:00,0.897
2016-10-10 21:36:00,0.886
2016-10-10 21:42:00,0.864
2016-10-10 21:48:00,0.848
2016-10-10 21:54:00,0.846
2016-10-10 22:00:00,0.83
2016-10-10 22:06:00,0.814
2016-10-10 22:12:00,0.781
2016-10-10 22:18:00,0.778
2016-10-10 22:24:00,0.75
2016-10-10 22:30:00,0.734
2016-10-10 22:36:00,0.709
2016-10-10 22:42:00,0.71
2016-10-10 22:48:00,0.7
2016-10-10 22:54:00,0.679
2016-10-10 23:00:00,0.656
2016-10-10 23:06:00,0.626
2016-10-10 23:12:00,0.619
2016-10-10 23:18:00,0.604
2016-10-10 23:24:00,0.578
2016-10-10 23:30:00,0.556
2016-10-10 23:36:00,0.555
2016-10-10 23:42:00,0.553
2016-10-10 23:48:00,0.54
2016-10-10 23:54:00,0.525
2016-10-11 00:00:00,0.524
2016-10-11 00:06:00,0.514
2016-10-11 00:12:00,0.518
2016-10-11 00:18:00,0.497
2016-10-11 00:24:00,0.491
2016-10-11 00:30:00,0.472
2016-10-11 00:36:00,0.471
2016-10-11 00:42:00,0.468
2016-10-11 00:48:00,0.464
2016-10-11 00:54:00,0.454
2016-10-11 01:00:00,0.462
2016-10-11 01:06:00,0.448
2016-10-11 01:12:00,0.431
2016-10-11 01:18:00,0.434
2016-10-11 01:24:00,0.42
2016-10-11 01:30:00,0.423
2016-10-11 01:36:00,0.423
2016-10-11 01:42:00,0.419
2016-10-11 01:48:00,0.411
2016-10-11 01:54:00,0.417
2016-10-11 02:00:00,0.418
2016-10-11 02:06:00,0.43
2016-10-11 02:12:00,0.421
2016-10-11 02:18:00,0.416
2016-10-11 02:24:00,0.435
2016-10-11 02:30:00,0.436
2016-10-11 02:36:00,0.436
2016-10-11 02:42:00,0.449
2016-10-11 02:48:00,0.449
2016-10-11 02:54:00,0.456
2016-10-11 03:00:00,0.47
2016-10-11 03:06:00,0.471
2016-10-11 03:12:00,0.483
2016-10-11 03:18:00,0.497
2016-10-11 03:24:00,0.489
2016-10-11 03:30:00,0.503
2016-10-11 03:36:00,0.517
2016-10-11 03:42:00,0.526
2016-10-11 03:48:00,0.541
2016-10-11 03:54:00,0.541
2016-10-11 04:00:00,0.564
2016-10-11 04:06:00,0.569
2016-10-11 04:12:00,0.582
2016-10-11 04:18:00,0.598
2016-10-11 04:24:00,0.612
2016-10-11 04:30:00,0.622
2016-10-11 04:36:00,0.627
2016-10-11 04:42:00,0.648
2016-10-11 04:48:00,0.658
2016-10-11 04:54:00,0.674
2016-10-11 05:00:00,0.692
2016-10-11 05:06:00,0.702
2016-10-11 05:12:00,0.711
2016-10-11 05:18:00,0.727
2016-10-11 05:24:00,0.74
2016-10-11 05:30:00,0.744
2016-10-11 05:36:00,0.745
2016-10-11 05:42:00,0.751
2016-10-11 05:48:00,0.76
2016-10-11 05:54:00,0.783
2016-10-11 06:00:00,0.792
2016-10-11 06:06:00,0.812
2016-10-11 06:12:00,0.819
2016-10-11 06:18:00,0.829
2016-10-11 06:24:00,0.818
2016-10-11 06:30:00,0.852
2016-10-11 06:36:00,0.854
2016-10-11 06:42:00,0.844
2016-10-11 06:48:00,0.859
2016-10-11 06:54:00,0.876
2016-10-11 07:00:00,0.877
2016-10-11 07:06:00,0.866
2016-10-11 07:12:00,0.895
2016-10-11 07:18:00,0.886
2016-10-11 07:24:00,0.879
2016-10-11 07:30:00,0.891
2016-10-11 07:36:00,0.879
2016-10-11 07:42:00,0.879
2016-10-11 07:48:00,0.887
2016-10-11 07:54:00,0.881
2016-10-11 08:00:00,0.893
2016-10-11 08:06:00,0.921
2016-10-11 08:12:00,0.878
2016-10-11 08:18:00,0.881
2016-10-11 08:24:00,0.878
2016-10-11 08:30:00,0.869
2016-10-11 08:36:00,0.868
2016-10-11 08:42:00,0.863
2016-10-11 08:48:00,0.851
2016-10-11 08:54:00,0.858
2016-10-11 09:00:00,0.845
2016-10-11 09:06:00,0.855
2016-10-11 09:12:00,0.824
2016-10-11 09:18:00,0.813
2016-10-11 09:24:00,0.812
2016-10-11 09:30:00,0.788
2016-10-11 09:36:00,0.8
2016-10-11 09:42:00,0.759
2016-10-11 09:48:00,0.739
2016-10-11 09:54:00,0.741
2016-10-11 10:00:00,0.739
2016-10-11 10:06:00,0.702
2016-10-11 10:12:00,0.684
2016-10-11 10:18:00,0.678
2016-10-11 10:24:00,0.682
2016-10-11 10:30:00,0.652
2016-10-11 10:36:00,0.638
2016-10-11 10:42:00,0.63
2016-10-11 10:48:00,0.613
2016-10-11 10:54:00,0.58
2016-10-11 11:00:00,0.568
2016-10-11 11:06:00,0.55
2016-10-11 11:12:00,0.536
2016-10-11 11:18:00,0.526
2016-10-11 11:24:00,0.517
2016-10-11 11:30:00,0.508
2016-10-11 11:36:00,0.479
2016-10-11 11:42:00,0.473
2016-10-11 11:48:00,0.453
2016-10-11 11:54:00,0.448
2016-10-11 12:00:00,0.434
2016-10-11 12:06:00,0.424
2016-10-11 12:12:00,0.423
2016-10-11 12:18:00,0.409
2016-10-11 12:24:00,0.389
2016-10-11 12:30:00,0.384
2016-10-11 12:36:00,0.38
2016-10-11 12:42:00,0.367
2016-10-11 12:48:00,0.36
2016-10-11 12:54:00,0.346
2016-10-11 13:00:00,0.342
2016-10-11 13:06:00,0.335
2016-10-11 13:12:00,0.33
2016-10-11 13:18:00,0.318
2016-10-11 13:24:00,0.329
2016-10-11 13:30:00,0.315
2016-10-11 13:36:00,0.338
2016-10-11 13:42:00,0.31
2016-10-11 13:48:00,0.296
2016-10-11 13:54:00,0.301
2016-10-11 14:00:00,0.314
2016-10-11 14:06:00,0.295
2016-10-11 14:12:00,0.3
2016-10-11 14:18:00,0.299
2016-10-11 14:24:00,0.314
2016-10-11 14:30:00,0.311
2016-10-11 14:36:00,0.306
2016-10-11 14:42:00,0.317
2016-10-11 14:48:00,0.315
2016-10-11 14:54:00,0.348
2016-10-11 15:00:00,0.341
2016-10-11 15:06:00,0.341
2016-10-11 15:12:00,0.347
2016-10-11 15:18:00,0.361
2016-10-11 15:24:00,0.352
2016-10-11 15:30:00,0.384
2016-10-11 15:36:00,0.399
2016-10-11 15:42:00,0.413
2016-10-11 15:48:00,0.412
2016-10-11 15:54:00,0.442
2016-10-11 16:00:00,0.457
2016-10-11 16:06:00,0.47
2016-10-11 16:12:00,0.467
2016-10-11 16:18:00,0.489
2016-10-11 16:24:00,0.493
2016-10-11 16:30:00,0.515
2016-10-11 16:36:00,0.522
2016-10-11 16:42:00,0.542
2016-10-11 16:48:00,0.561
2016-10-11 16:54:00,0.562
2016-10-11 17:00:00,0.581
2016-10-11 17:06:00,0.606
2016-10-11 17:12:00,0.613
2016-10-11 17:18:00,0.627
2016-10-11 17:24:00,0.646
2016-10-11 17:30:00,0.661
2016-10-11 17:36:00,0.669
2016-10-11 17:42:00,0.704
2016-10-11 17:48:00,0.708
2016-10-11 17:54:00,0.734
2016-10-11 18:00:00,0.754
2016-10-11 18:06:00,0.76
2016-10-11 18:12:00,0.768
2016-10-11 18:18:00,0.791
2016-10-11 18:24:00,0.8
2016-10-11 18:30:00,0.81
2016-10-11 18:36:00,0.816
2016-10-11 18:42:00,0.838
2016-10-11 18:48:00,0.855
2016-10-11 18:54:00,0.873
2016-10-11 19:00:00,0.868
2016-10-11 19:06:00,0.88
2016-10-11 19:12:00,0.899
2016-10-11 19:18:00,0.909
2016-10-11 19:24:00,0.913
2016-10-11 19:30:00,0.91
2016-10-11 19:36:00,0.916
2016-10-11 19:42:00,0.942
2016-10-11 19:48:00,0.936
2016-10-11 19:54:00,0.928
2016-10-11 20:00:00,0.954
2016-10-11 20:06:00,0.959
2016-10-11 20:12:00,0.942
2016-10-11 20:18:00,0.936
2016-10-11 20:24:00,0.944
2016-10-11 20:30:00,0.94
2016-10-11 20:36:00,0.931
2016-10-11 20:42:00,0.917
2016-10-11 20:48:00,0.935
2016-10-11 20:54:00,0.924
2016-10-11 21:00:00,0.924
2016-10-11 21:06:00,0.911
2016-10-11 21:12:00,0.904
2016-10-11 21:18:00,0.903
2016-10-11 21:24:00,0.892
2016-10-11 21:30:00,0.888
2016-10-11 21:36:00,0.885
2016-10-11 21:42:00,0.875
2016-10-11 21:48:00,0.843
2016-10-11 21:54:00,0.843
2016-10-11 22:00:00,0.812
2016-10-11 22:06:00,0.809
2016-10-11 22:12:00,0.785
2016-10-11 22:18:00,0.779
2016-10-11 22:24:00,0.764
2016-10-11 22:30:00,0.749
2016-10-11 22:36:00,0.728
2016-10-11 22:42:00,0.718
2016-10-11 22:48:00,0.697
2016-10-11 22:54:00,0.686
2016-10-11 23:00:00,0.673
2016-10-11 23:06:00,0.635
2016-10-11 23:12:00,0.625
2016-10-11 23:18:00,0.607
2016-10-11 23:24:00,0.592
2016-10-11 23:30:00,0.57
2016-10-11 23:36:00,0.549
2016-10-11 23:42:00,0.529
2016-10-11 23:48:00,0.54
2016-10-11 23:54:00,0.489
2016-10-12 00:00:00,0.482
