date_time,wind_speed (m/s)
2016-09-26 12:00:00,2.9
2016-09-26 12:06:00,2.3
2016-09-26 12:12:00,3.1
2016-09-26 12:18:00,2.8
2016-09-26 12:24:00,3.7
2016-09-26 12:30:00,3.9
2016-09-26 12:36:00,3.8
2016-09-26 12:42:00,3.4
2016-09-26 12:48:00,3.4
2016-09-26 12:54:00,2.6
2016-09-26 13:00:00,3.7
2016-09-26 13:06:00,4.4
2016-09-26 13:12:00,4.1
2016-09-26 13:18:00,3.7
2016-09-26 13:24:00,4.6
2016-09-26 13:30:00,4.5
2016-09-26 13:36:00,4.9
2016-09-26 13:42:00,6.3
2016-09-26 13:48:00,4.2
2016-09-26 13:54:00,2.7
2016-09-26 14:00:00,3.9
2016-09-26 14:06:00,3.9
2016-09-26 14:12:00,4.2
2016-09-26 14:18:00,3.2
2016-09-26 14:24:00,3.9
2016-09-26 14:30:00,2.4
2016-09-26 14:36:00,4.0
2016-09-26 14:42:00,3.5
2016-09-26 14:48:00,4.2
2016-09-26 14:54:00,3.9
2016-09-26 15:00:00,4.2
2016-09-26 15:06:00,5.1
2016-09-26 15:12:00,3.4
2016-09-26 15:18:00,4.3
2016-09-26 15:24:00,5.1
2016-09-26 15:30:00,4.5
2016-09-26 15:36:00,5.0
2016-09-26 15:42:00,4.6
2016-09-26 15:48:00,5.9
2016-09-26 15:54:00,6.2
2016-09-26 16:00:00,6.1
2016-09-26 16:06:00,5.7
2016-09-26 16:12:00,5.9
2016-09-26 16:18:00,6.0
2016-09-26 16:24:00,4.8
2016-09-26 16:30:00,5.4
2016-09-26 16:36:00,5.0
2016-09-26 16:42:00,4.2
2016-09-26 16:48:00,4.9
2016-09-26 16:54:00,4.6
2016-09-26 17:00:00,4.0
2016-09-26 17:06:00,3.7
2016-09-26 17:12:00,4.1
2016-09-26 17:18:00,4.9
2016-09-26 17:24:00,4.0
2016-09-26 17:30:00,3.6
2016-09-26 17:36:00,3.7
2016-09-26 17:42:00,3.4
2016-09-26 17:48:00,4.1
2016-09-26 17:54:00,3.9
2016-09-26 18:00:00,4.2
2016-09-26 18:06:00,4.7
2016-09-26 18:12:00,5.0
2016-09-26 18:18:00,3.5
2016-09-26 18:24:00,3.8
2016-09-26 18:30:00,4.6
2016-09-26 18:36:00,4.7
2016-09-26 18:42:00,3.9
2016-09-26 18:48:00,5.0
2016-09-26 18:54:00,3.6
2016-09-26 19:00:00,4.0
2016-09-26 19:06:00,2.5
2016-09-26 19:12:00,4.5
2016-09-26 19:18:00,3.7
2016-09-26 19:24:00,3.2
2016-09-26 19:30:00,3.6
2016-09-26 19:36:00,1.8
2016-09-26 19:42:00,3.9
2016-09-26 19:48:00,3.4
2016-09-26 19:54:00,3.2
2016-09-26 20:00:00,1.9
2016-09-26 20:06:00,4.1
2016-09-26 20:12:00,3.7
2016-09-26 20:18:00,4.0
2016-09-26 20:24:00,2.7
2016-09-26 20:30:00,3.3
2016-09-26 20:36:00,2.8
2016-09-26 20:42:00,3.4
2016-09-26 20:48:00,2.5
2016-09-26 20:54:00,3.2
2016-09-26 21:00:00,2.9
2016-09-26 21:06:00,2.9
2016-09-26 21:12:00,2.3
2016-09-26 21:18:00,2.3
2016-09-26 21:24:00,3.1
2016-09-26 21:30:00,2.7
2016-09-26 21:36:00,2.0
2016-09-26 21:42:00,2.6
2016-09-26 21:48:00,3.0
2016-09-26 21:54:00,2.9
2016-09-26 22:00:00,2.7
2016-09-26 22:06:00,2.3
2016-09-26 22:12:00,2.3
2016-09-26 22:18:00,2.7
2016-09-26 22:24:00,2.8
2016-09-26 22:30:00,2.2
2016-09-26 22:36:00,2.0
2016-09-26 22:42:00,2.1
2016-09-26 22:48:00,2.0
2016-09-26 22:54:00,1.9
2016-09-26 23:00:00,2.1
2016-09-26 23:06:00,2.8
2016-09-26 23:12:00,2.3
2016-09-26 23:18:00,2.7
2016-09-26 23:24:00,3.0
2016-09-26 23:30:00,3.2
2016-09-26 23:36:00,2.8
2016-09-26 23:42:00,3.3
2016-09-26 23:48:00,2.3
2016-09-26 23:54:00,2.4
2016-09-27 00:00:00,2.4
2016-09-27 00:06:00,2.1
2016-09-27 00:12:00,1.4
2016-09-27 00:18:00,1.8
2016-09-27 00:24:00,1.5
2016-09-27 00:30:00,2.5
2016-09-27 00:36:00,2.1
2016-09-27 00:42:00,2.7
2016-09-27 00:48:00,2.2
2016-09-27 00:54:00,2.3
2016-09-27 01:00:00,2.6
2016-09-27 01:06:00,2.7
2016-09-27 01:12:00,3.3
2016-09-27 01:18:00,2.6
2016-09-27 01:24:00,2.4
2016-09-27 01:30:00,2.6
2016-09-27 01:36:00,2.9
2016-09-27 01:42:00,3.0
2016-09-27 01:48:00,3.2
2016-09-27 01:54:00,3.5
2016-09-27 02:00:00,3.3
2016-09-27 02:06:00,3.1
2016-09-27 02:12:00,3.0
2016-09-27 02:18:00,3.1
2016-09-27 02:24:00,4.8
2016-09-27 02:30:00,4.5
2016-09-27 02:36:00,5.3
2016-09-27 02:42:00,3.4
2016-09-27 02:48:00,3.4
2016-09-27 02:54:00,4.8
2016-09-27 03:00:00,3.6
2016-09-27 03:06:00,3.3
2016-09-27 03:12:00,3.1
2016-09-27 03:18:00,3.8
2016-09-27 03:24:00,4.0
2016-09-27 03:30:00,4.0
2016-09-27 03:36:00,3.5
2016-09-27 03:42:00,3.8
2016-09-27 03:48:00,4.3
2016-09-27 03:54:00,4.1
2016-09-27 04:00:00,3.5
2016-09-27 04:06:00,3.8
2016-09-27 04:12:00,3.9
2016-09-27 04:18:00,4.8
2016-09-27 04:24:00,4.1
2016-09-27 04:30:00,4.1
2016-09-27 04:36:00,4.8
2016-09-27 04:42:00,4.7
2016-09-27 04:48:00,4.5
2016-09-27 04:54:00,3.8
2016-09-27 05:00:00,3.3
2016-09-27 05:06:00,3.3
2016-09-27 05:12:00,4.4
2016-09-27 05:18:00,2.7
2016-09-27 05:24:00,4.6
2016-09-27 05:30:00,5.4
2016-09-27 05:36:00,3.8
2016-09-27 05:42:00,4.5
2016-09-27 05:48:00,4.5
2016-09-27 05:54:00,4.3
2016-09-27 06:00:00,4.3
2016-09-27 06:06:00,3.4
2016-09-27 06:12:00,3.9
2016-09-27 06:18:00,4.2
2016-09-27 06:24:00,4.7
2016-09-27 06:30:00,4.6
2016-09-27 06:36:00,3.9
2016-09-27 06:42:00,4.1
2016-09-27 06:48:00,4.6
2016-09-27 06:54:00,4.7
2016-09-27 07:00:00,3.6
2016-09-27 07:06:00,3.0
2016-09-27 07:12:00,3.5
2016-09-27 07:18:00,3.6
2016-09-27 07:24:00,3.1
2016-09-27 07:30:00,4.2
2016-09-27 07:36:00,3.4
2016-09-27 07:42:00,4.1
2016-09-27 07:48:00,3.4
2016-09-27 07:54:00,3.2
2016-09-27 08:00:00,3.5
2016-09-27 08:06:00,4.0
2016-09-27 08:12:00,4.0
2016-09-27 08:18:00,3.1
2016-09-27 08:24:00,3.3
2016-09-27 08:30:00,4.3
2016-09-27 08:36:00,4.0
2016-09-27 08:42:00,4.1
2016-09-27 08:48:00,4.0
2016-09-27 08:54:00,3.5
2016-09-27 09:00:00,3.8
2016-09-27 09:06:00,3.8
2016-09-27 09:12:00,4.0
2016-09-27 09:18:00,3.7
2016-09-27 09:24:00,4.7
2016-09-27 09:30:00,4.0
2016-09-27 09:36:00,3.7
2016-09-27 09:42:00,3.8
2016-09-27 09:48:00,4.1
2016-09-27 09:54:00,3.2
2016-09-27 10:00:00,3.4
2016-09-27 10:06:00,2.8
2016-09-27 10:12:00,3.2
2016-09-27 10:18:00,2.9
2016-09-27 10:24:00,2.8
2016-09-27 10:30:00,3.2
2016-09-27 10:36:00,3.0
2016-09-27 10:42:00,4.0
2016-09-27 10:48:00,3.8
2016-09-27 10:54:00,4.6
2016-09-27 11:00:00,3.2
2016-09-27 11:06:00,3.9
2016-09-27 11:12:00,4.0
2016-09-27 11:18:00,4.3
2016-09-27 11:24:00,3.9
2016-09-27 11:30:00,5.2
2016-09-27 11:36:00,4.8
2016-09-27 11:42:00,4.3
2016-09-27 11:48:00,6.8
2016-09-27 11:54:00,5.3
2016-09-27 12:00:00,3.6
2016-09-27 12:06:00,5.4
2016-09-27 12:12:00,4.8
2016-09-27 12:18:00,5.8
2016-09-27 12:24:00,4.9
2016-09-27 12:30:00,5.0
2016-09-27 12:36:00,4.8
2016-09-27 12:42:00,3.9
2016-09-27 12:48:00,4.4
2016-09-27 12:54:00,4.7
2016-09-27 13:00:00,3.9
2016-09-27 13:06:00,5.5
2016-09-27 13:12:00,7.5
2016-09-27 13:18:00,5.1
2016-09-27 13:24:00,3.8
2016-09-27 13:30:00,2.8
2016-09-27 13:36:00,3.4
2016-09-27 13:42:00,5.1
2016-09-27 13:48:00,5.5
2016-09-27 13:54:00,6.6
2016-09-27 14:00:00,6.9
2016-09-27 14:06:00,4.9
2016-09-27 14:12:00,6.5
2016-09-27 14:18:00,6.7
2016-09-27 14:24:00,6.6
2016-09-27 14:30:00,4.0
2016-09-27 14:36:00,5.5
2016-09-27 14:42:00,5.7
2016-09-27 14:48:00,8.5
2016-09-27 14:54:00,4.8
2016-09-27 15:00:00,3.5
2016-09-27 15:06:00,3.4
2016-09-27 15:12:00,3.1
2016-09-27 15:18:00,7.4
2016-09-27 15:24:00,6.3
2016-09-27 15:30:00,6.1
2016-09-27 15:36:00,6.0
2016-09-27 15:42:00,5.8
2016-09-27 15:48:00,5.3
2016-09-27 15:54:00,6.9
2016-09-27 16:00:00,5.2
2016-09-27 16:06:00,7.3
2016-09-27 16:12:00,7.3
2016-09-27 16:18:00,6.8
2016-09-27 16:24:00,7.5
2016-09-27 16:30:00,7.0
2016-09-27 16:36:00,5.9
2016-09-27 16:42:00,6.1
2016-09-27 16:48:00,6.8
2016-09-27 16:54:00,6.2
2016-09-27 17:00:00,5.2
2016-09-27 17:06:00,4.6
2016-09-27 17:12:00,5.3
2016-09-27 17:18:00,5.3
2016-09-27 17:24:00,6.1
2016-09-27 17:30:00,5.9
2016-09-27 17:36:00,5.5
2016-09-27 17:42:00,4.6
2016-09-27 17:48:00,5.1
2016-09-27 17:54:00,5.0
2016-09-27 18:00:00,5.6
2016-09-27 18:06:00,4.9
2016-09-27 18:12:00,5.0
2016-09-27 18:18:00,5.7
2016-09-27 18:24:00,3.9
2016-09-27 18:30:00,4.5
2016-09-27 18:36:00,6.0
2016-09-27 18:42:00,7.0
2016-09-27 18:48:00,8.0
2016-09-27 18:54:00,6.7
2016-09-27 19:00:00,6.4
2016-09-27 19:06:00,5.0
2016-09-27 19:12:00,4.9
2016-09-27 19:18:00,5.6
2016-09-27 19:24:00,5.5
2016-09-27 19:30:00,6.2
2016-09-27 19:36:00,6.5
2016-09-27 19:42:00,6.2
2016-09-27 19:48:00,5.1
2016-09-27 19:54:00,6.2
2016-09-27 20:00:00,5.2
2016-09-27 20:06:00,6.5
2016-09-27 20:12:00,5.5
2016-09-27 20:18:00,5.0
2016-09-27 20:24:00,4.6
2016-09-27 20:30:00,3.8
2016-09-27 20:36:00,3.8
2016-09-27 20:42:00,4.5
2016-09-27 20:48:00,4.1
2016-09-27 20:54:00,4.3
2016-09-27 21:00:00,4.4
2016-09-27 21:06:00,3.5
2016-09-27 21:12:00,2.8
2016-09-27 21:18:00,4.7
2016-09-27 21:24:00,3.4
2016-09-27 21:30:00,3.4
2016-09-27 21:36:00,4.0
2016-09-27 21:42:00,3.5
2016-09-27 21:48:00,2.8
2016-09-27 21:54:00,2.4
2016-09-27 22:00:00,2.3
2016-09-27 22:06:00,2.4
2016-09-27 22:12:00,2.4
2016-09-27 22:18:00,2.5
2016-09-27 22:24:00,2.5
2016-09-27 22:30:00,2.4
2016-09-27 22:36:00,2.6
2016-09-27 22:42:00,2.9
2016-09-27 22:48:00,2.2
2016-09-27 22:54:00,2.5
2016-09-27 23:00:00,2.6
2016-09-27 23:06:00,2.2
2016-09-27 23:12:00,2.4
2016-09-27 23:18:00,2.4
2016-09-27 23:24:00,2.6
2016-09-27 23:30:00,2.7
2016-09-27 23:36:00,2.9
2016-09-27 23:42:00,2.9
2016-09-27 23:48:00,3.0
2016-09-27 23:54:00,2.9
2016-09-28 00:00:00,4.1
2016-09-28 00:06:00,3.0
2016-09-28 00:12:00,3.1
2016-09-28 00:18:00,3.4
2016-09-28 00:24:00,3.0
2016-09-28 00:30:00,3.2
2016-09-28 00:36:00,3.4
2016-09-28 00:42:00,2.6
2016-09-28 00:48:00,3.5
2016-09-28 00:54:00,3.8
2016-09-28 01:00:00,4.2
2016-09-28 01:06:00,3.4
2016-09-28 01:12:00,3.6
2016-09-28 01:18:00,4.1
2016-09-28 01:24:00,3.3
2016-09-28 01:30:00,2.2
2016-09-28 01:36:00,3.0
2016-09-28 01:42:00,3.4
2016-09-28 01:48:00,4.1
2016-09-28 01:54:00,4.4
2016-09-28 02:00:00,3.5
2016-09-28 02:06:00,4.4
2016-09-28 02:12:00,4.5
2016-09-28 02:18:00,3.1
2016-09-28 02:24:00,3.2
2016-09-28 02:30:00,4.4
2016-09-28 02:36:00,4.9
2016-09-28 02:42:00,4.3
2016-09-28 02:48:00,4.4
2016-09-28 02:54:00,3.9
2016-09-28 03:00:00,4.0
2016-09-28 03:06:00,3.9
2016-09-28 03:12:00,3.3
2016-09-28 03:18:00,3.2
2016-09-28 03:24:00,2.5
2016-09-28 03:30:00,3.6
2016-09-28 03:36:00,4.2
2016-09-28 03:42:00,4.1
2016-09-28 03:48:00,4.2
2016-09-28 03:54:00,4.7
2016-09-28 04:00:00,4.6
2016-09-28 04:06:00,3.2
2016-09-28 04:12:00,3.6
2016-09-28 04:18:00,3.2
2016-09-28 04:24:00,5.2
2016-09-28 04:30:00,4.0
2016-09-28 04:36:00,5.4
2016-09-28 04:42:00,3.6
2016-09-28 04:48:00,6.1
2016-09-28 04:54:00,5.2
2016-09-28 05:00:00,4.8
2016-09-28 05:06:00,5.3
2016-09-28 05:12:00,4.4
2016-09-28 05:18:00,5.6
2016-09-28 05:24:00,3.7
2016-09-28 05:30:00,3.6
2016-09-28 05:36:00,5.0
2016-09-28 05:42:00,6.1
2016-09-28 05:48:00,5.4
2016-09-28 05:54:00,3.9
2016-09-28 06:00:00,3.5
2016-09-28 06:06:00,4.8
2016-09-28 06:12:00,4.1
2016-09-28 06:18:00,4.4
2016-09-28 06:24:00,3.4
2016-09-28 06:30:00,6.3
2016-09-28 06:36:00,6.2
2016-09-28 06:42:00,4.6
2016-09-28 06:48:00,5.3
2016-09-28 06:54:00,5.0
2016-09-28 07:00:00,4.4
2016-09-28 07:06:00,5.1
2016-09-28 07:12:00,6.1
2016-09-28 07:18:00,6.0
2016-09-28 07:24:00,4.1
2016-09-28 07:30:00,5.6
2016-09-28 07:36:00,4.9
2016-09-28 07:42:00,4.5
2016-09-28 07:48:00,5.5
2016-09-28 07:54:00,5.3
2016-09-28 08:00:00,4.9
2016-09-28 08:06:00,4.9
2016-09-28 08:12:00,5.4
2016-09-28 08:18:00,6.0
2016-09-28 08:24:00,3.8
2016-09-28 08:30:00,6.1
2016-09-28 08:36:00,4.6
2016-09-28 08:42:00,4.6
2016-09-28 08:48:00,5.8
2016-09-28 08:54:00,6.4
2016-09-28 09:00:00,6.3
2016-09-28 09:06:00,5.3
2016-09-28 09:12:00,5.5
2016-09-28 09:18:00,4.9
2016-09-28 09:24:00,4.9
2016-09-28 09:30:00,5.4
2016-09-28 09:36:00,5.2
2016-09-28 09:42:00,4.9
2016-09-28 09:48:00,4.9
2016-09-28 09:54:00,4.8
2016-09-28 10:00:00,4.6
2016-09-28 10:06:00,6.5
2016-09-28 10:12:00,5.9
2016-09-28 10:18:00,4.2
2016-09-28 10:24:00,6.4
2016-09-28 10:30:00,4.7
2016-09-28 10:36:00,4.6
2016-09-28 10:42:00,4.4
2016-09-28 10:48:00,6.0
2016-09-28 10:54:00,5.3
2016-09-28 11:00:00,5.7
2016-09-28 11:06:00,3.7
2016-09-28 11:12:00,4.4
2016-09-28 11:18:00,4.3
2016-09-28 11:24:00,5.1
2016-09-28 11:30:00,3.8
2016-09-28 11:36:00,4.5
2016-09-28 11:42:00,4.9
2016-09-28 11:48:00,4.1
2016-09-28 11:54:00,4.6
2016-09-28 12:00:00,5.0
2016-09-28 12:06:00,3.3
2016-09-28 12:12:00,6.1
2016-09-28 12:18:00,6.5
2016-09-28 12:24:00,8.4
2016-09-28 12:30:00,7.3
2016-09-28 12:36:00,7.5
2016-09-28 12:42:00,7.0
2016-09-28 12:48:00,6.6
2016-09-28 12:54:00,7.5
2016-09-28 13:00:00,7.7
2016-09-28 13:06:00,6.6
2016-09-28 13:12:00,5.1
2016-09-28 13:18:00,6.4
2016-09-28 13:24:00,6.2
2016-09-28 13:30:00,5.9
2016-09-28 13:36:00,7.2
2016-09-28 13:42:00,7.8
2016-09-28 13:48:00,7.5
2016-09-28 13:54:00,7.7
2016-09-28 14:00:00,6.9
2016-09-28 14:06:00,7.5
2016-09-28 14:12:00,8.1
2016-09-28 14:18:00,6.4
2016-09-28 14:24:00,7.9
2016-09-28 14:30:00,9.4
2016-09-28 14:36:00,8.2
2016-09-28 14:42:00,9.0
2016-09-28 14:48:00,9.3
2016-09-28 14:54:00,8.6
2016-09-28 15:00:00,9.1
2016-09-28 15:06:00,6.9
2016-09-28 15:12:00,9.2
2016-09-28 15:18:00,10.1
2016-09-28 15:24:00,8.0
2016-09-28 15:30:00,9.1
2016-09-28 15:36:00,8.6
2016-09-28 15:42:00,7.1
2016-09-28 15:48:00,8.3
2016-09-28 15:54:00,7.1
2016-09-28 16:00:00,8.7
2016-09-28 16:06:00,9.3
2016-09-28 16:12:00,6.7
2016-09-28 16:18:00,8.0
2016-09-28 16:24:00,7.3
2016-09-28 16:30:00,8.6
2016-09-28 16:36:00,5.4
2016-09-28 16:42:00,7.4
2016-09-28 16:48:00,6.2
2016-09-28 16:54:00,7.2
2016-09-28 17:00:00,6.5
2016-09-28 17:06:00,7.4
2016-09-28 17:12:00,6.0
2016-09-28 17:18:00,7.3
2016-09-28 17:24:00,6.6
2016-09-28 17:30:00,5.5
2016-09-28 17:36:00,6.7
2016-09-28 17:42:00,6.7
2016-09-28 17:48:00,7.2
2016-09-28 17:54:00,6.4
2016-09-28 18:00:00,6.7
2016-09-28 18:06:00,7.7
2016-09-28 18:12:00,7.7
2016-09-28 18:18:00,13.9
2016-09-28 18:24:00,13.2
2016-09-28 18:30:00,12.5
2016-09-28 18:36:00,8.1
2016-09-28 18:42:00,8.0
2016-09-28 18:48:00,7.5
2016-09-28 18:54:00,7.2
2016-09-28 19:00:00,7.2
2016-09-28 19:06:00,6.5
2016-09-28 19:12:00,6.6
2016-09-28 19:18:00,5.8
2016-09-28 19:24:00,4.8
2016-09-28 19:30:00,7.2
2016-09-28 19:36:00,7.7
2016-09-28 19:42:00,5.8
2016-09-28 19:48:00,6.1
2016-09-28 19:54:00,6.8
2016-09-28 20:00:00,6.7
2016-09-28 20:06:00,5.5
2016-09-28 20:12:00,6.5
2016-09-28 20:18:00,6.1
2016-09-28 20:24:00,5.3
2016-09-28 20:30:00,5.7
2016-09-28 20:36:00,7.1
2016-09-28 20:42:00,6.2
2016-09-28 20:48:00,6.3
2016-09-28 20:54:00,7.1
2016-09-28 21:00:00,6.4
2016-09-28 21:06:00,6.5
2016-09-28 21:12:00,5.2
2016-09-28 21:18:00,5.9
2016-09-28 21:24:00,5.7
2016-09-28 21:30:00,5.3
2016-09-28 21:36:00,7.4
2016-09-28 21:42:00,6.5
2016-09-28 21:48:00,5.5
2016-09-28 21:54:00,5.1
2016-09-28 22:00:00,5.4
2016-09-28 22:06:00,6.5
2016-09-28 22:12:00,5.6
2016-09-28 22:18:00,5.0
2016-09-28 22:24:00,6.2
2016-09-28 22:30:00,5.7
2016-09-28 22:36:00,11.4
2016-09-28 22:42:00,7.6
2016-09-28 22:48:00,5.0
2016-09-28 22:54:00,5.0
2016-09-28 23:00:00,3.7
2016-09-28 23:06:00,3.6
2016-09-28 23:12:00,3.7
2016-09-28 23:18:00,4.5
2016-09-28 23:24:00,4.7
2016-09-28 23:30:00,4.3
2016-09-28 23:36:00,4.7
2016-09-28 23:42:00,4.2
2016-09-28 23:48:00,4.5
2016-09-28 23:54:00,5.7
2016-09-29 00:00:00,6.3
2016-09-29 00:06:00,5.8
2016-09-29 00:12:00,5.7
2016-09-29 00:18:00,6.4
2016-09-29 00:24:00,6.1
2016-09-29 00:30:00,4.9
2016-09-29 00:36:00,15.7
2016-09-29 00:42:00,9.2
2016-09-29 00:48:00,6.0
2016-09-29 00:54:00,4.1
2016-09-29 01:00:00,4.6
2016-09-29 01:06:00,6.4
2016-09-29 01:12:00,6.8
2016-09-29 01:18:00,7.4
2016-09-29 01:24:00,7.4
2016-09-29 01:30:00,12.0
2016-09-29 01:36:00,9.5
2016-09-29 01:42:00,8.5
2016-09-29 01:48:00,9.2
2016-09-29 01:54:00,7.0
2016-09-29 02:00:00,6.9
2016-09-29 02:06:00,5.1
2016-09-29 02:12:00,5.6
2016-09-29 02:18:00,6.0
2016-09-29 02:24:00,4.8
2016-09-29 02:30:00,5.6
2016-09-29 02:36:00,4.5
2016-09-29 02:42:00,5.1
2016-09-29 02:48:00,4.6
2016-09-29 02:54:00,5.8
2016-09-29 03:00:00,4.6
2016-09-29 03:06:00,6.0
2016-09-29 03:12:00,4.8
2016-09-29 03:18:00,4.4
2016-09-29 03:24:00,4.7
2016-09-29 03:30:00,4.0
2016-09-29 03:36:00,4.5
2016-09-29 03:42:00,4.9
2016-09-29 03:48:00,6.0
2016-09-29 03:54:00,7.3
2016-09-29 04:00:00,6.2
2016-09-29 04:06:00,5.1
2016-09-29 04:12:00,5.3
2016-09-29 04:18:00,5.8
2016-09-29 04:24:00,5.8
2016-09-29 04:30:00,5.5
2016-09-29 04:36:00,5.3
2016-09-29 04:42:00,7.3
2016-09-29 04:48:00,6.8
2016-09-29 04:54:00,6.6
2016-09-29 05:00:00,5.8
2016-09-29 05:06:00,5.6
2016-09-29 05:12:00,7.1
2016-09-29 05:18:00,5.7
2016-09-29 05:24:00,5.1
2016-09-29 05:30:00,5.1
2016-09-29 05:36:00,6.1
2016-09-29 05:42:00,4.8
2016-09-29 05:48:00,4.9
2016-09-29 05:54:00,5.4
2016-09-29 06:00:00,7.5
2016-09-29 06:06:00,7.8
2016-09-29 06:12:00,5.8
2016-09-29 06:18:00,5.6
2016-09-29 06:24:00,5.9
2016-09-29 06:30:00,7.7
2016-09-29 06:36:00,7.8
2016-09-29 06:42:00,7.2
2016-09-29 06:48:00,8.2
2016-09-29 06:54:00,7.7
2016-09-29 07:00:00,7.2
2016-09-29 07:06:00,8.0
2016-09-29 07:12:00,8.0
2016-09-29 07:18:00,6.7
2016-09-29 07:24:00,7.3
2016-09-29 07:30:00,6.4
2016-09-29 07:36:00,6.5
2016-09-29 07:42:00,6.9
2016-09-29 07:48:00,5.3
2016-09-29 07:54:00,6.8
2016-09-29 08:00:00,6.9
2016-09-29 08:06:00,6.5
2016-09-29 08:12:00,7.3
2016-09-29 08:18:00,8.0
2016-09-29 08:24:00,8.1
2016-09-29 08:30:00,9.9
2016-09-29 08:36:00,8.1
2016-09-29 08:42:00,5.6
2016-09-29 08:48:00,8.1
2016-09-29 08:54:00,8.4
2016-09-29 09:00:00,7.5
2016-09-29 09:06:00,7.2
2016-09-29 09:12:00,7.3
2016-09-29 09:18:00,7.3
2016-09-29 09:24:00,7.7
2016-09-29 09:30:00,7.7
2016-09-29 09:36:00,7.3
2016-09-29 09:42:00,9.2
2016-09-29 09:48:00,6.9
2016-09-29 09:54:00,7.2
2016-09-29 10:00:00,6.2
2016-09-29 10:06:00,7.3
2016-09-29 10:12:00,8.0
2016-09-29 10:18:00,6.3
2016-09-29 10:24:00,7.9
2016-09-29 10:30:00,8.0
2016-09-29 10:36:00,5.6
2016-09-29 10:42:00,6.7
2016-09-29 10:48:00,6.5
2016-09-29 10:54:00,6.5
2016-09-29 11:00:00,6.8
2016-09-29 11:06:00,6.0
2016-09-29 11:12:00,7.4
2016-09-29 11:18:00,6.5
2016-09-29 11:24:00,6.7
2016-09-29 11:30:00,6.1
2016-09-29 11:36:00,7.3
2016-09-29 11:42:00,6.0
2016-09-29 11:48:00,7.9
2016-09-29 11:54:00,7.6
2016-09-29 12:00:00,6.9
2016-09-29 12:06:00,8.2
2016-09-29 12:12:00,8.5
2016-09-29 12:18:00,7.1
2016-09-29 12:24:00,8.6
2016-09-29 12:30:00,7.8
2016-09-29 12:36:00,6.6
2016-09-29 12:42:00,9.0
2016-09-29 12:48:00,8.7
2016-09-29 12:54:00,7.0
2016-09-29 13:00:00,7.5
2016-09-29 13:06:00,9.1
2016-09-29 13:12:00,7.5
2016-09-29 13:18:00,9.0
2016-09-29 13:24:00,7.4
2016-09-29 13:30:00,8.0
2016-09-29 13:36:00,8.7
2016-09-29 13:42:00,10.3
2016-09-29 13:48:00,9.1
2016-09-29 13:54:00,8.1
2016-09-29 14:00:00,6.0
2016-09-29 14:06:00,8.2
2016-09-29 14:12:00,9.4
2016-09-29 14:18:00,7.7
2016-09-29 14:24:00,7.9
2016-09-29 14:30:00,7.2
2016-09-29 14:36:00,8.1
2016-09-29 14:42:00,7.0
2016-09-29 14:48:00,5.4
2016-09-29 14:54:00,9.0
2016-09-29 15:00:00,6.8
2016-09-29 15:06:00,6.8
2016-09-29 15:12:00,7.7
2016-09-29 15:18:00,5.7
2016-09-29 15:24:00,7.3
2016-09-29 15:30:00,7.9
2016-09-29 15:36:00,7.9
2016-09-29 15:42:00,4.6
2016-09-29 15:48:00,5.6
2016-09-29 15:54:00,7.2
2016-09-29 16:00:00,7.8
2016-09-29 16:06:00,7.6
2016-09-29 16:12:00,7.7
2016-09-29 16:18:00,8.0
2016-09-29 16:24:00,7.1
2016-09-29 16:30:00,6.3
2016-09-29 16:36:00,6.6
2016-09-29 16:42:00,7.8
2016-09-29 16:48:00,8.4
2016-09-29 16:54:00,6.7
2016-09-29 17:00:00,7.6
2016-09-29 17:06:00,5.5
2016-09-29 17:12:00,6.4
2016-09-29 17:18:00,5.9
2016-09-29 17:24:00,7.4
2016-09-29 17:30:00,7.0
2016-09-29 17:36:00,8.3
2016-09-29 17:42:00,5.7
2016-09-29 17:48:00,8.6
2016-09-29 17:54:00,6.6
2016-09-29 18:00:00,6.0
2016-09-29 18:06:00,5.7
2016-09-29 18:12:00,6.7
2016-09-29 18:18:00,6.4
2016-09-29 18:24:00,5.6
2016-09-29 18:30:00,7.0
2016-09-29 18:36:00,5.2
2016-09-29 18:42:00,7.7
2016-09-29 18:48:00,3.9
2016-09-29 18:54:00,5.9
2016-09-29 19:00:00,6.7
2016-09-29 19:06:00,6.2
2016-09-29 19:12:00,5.8
2016-09-29 19:18:00,5.9
2016-09-29 19:24:00,5.5
2016-09-29 19:30:00,6.1
2016-09-29 19:36:00,5.7
2016-09-29 19:42:00,5.0
2016-09-29 19:48:00,6.1
2016-09-29 19:54:00,4.8
2016-09-29 20:00:00,5.8
2016-09-29 20:06:00,4.5
2016-09-29 20:12:00,4.6
2016-09-29 20:18:00,5.7
2016-09-29 20:24:00,5.3
2016-09-29 20:30:00,6.0
2016-09-29 20:36:00,4.7
2016-09-29 20:42:00,5.7
2016-09-29 20:48:00,4.8
2016-09-29 20:54:00,4.5
2016-09-29 21:00:00,5.1
2016-09-29 21:06:00,4.6
2016-09-29 21:12:00,4.7
2016-09-29 21:18:00,5.5
2016-09-29 21:24:00,4.3
2016-09-29 21:30:00,3.8
2016-09-29 21:36:00,5.4
2016-09-29 21:42:00,4.3
2016-09-29 21:48:00,4.5
2016-09-29 21:54:00,3.7
2016-09-29 22:00:00,2.9
2016-09-29 22:06:00,3.2
2016-09-29 22:12:00,3.0
2016-09-29 22:18:00,3.2
2016-09-29 22:24:00,2.2
2016-09-29 22:30:00,1.9
2016-09-29 22:36:00,2.3
2016-09-29 22:42:00,2.3
2016-09-29 22:48:00,2.2
2016-09-29 22:54:00,2.9
2016-09-29 23:00:00,2.6
2016-09-29 23:06:00,2.1
2016-09-29 23:12:00,1.6
2016-09-29 23:18:00,2.2
2016-09-29 23:24:00,1.7
2016-09-29 23:30:00,2.1
2016-09-29 23:36:00,2.0
2016-09-29 23:42:00,2.1
2016-09-29 23:48:00,2.7
2016-09-29 23:54:00,2.6
2016-09-30 00:00:00,2.8
2016-09-30 00:06:00,3.3
2016-09-30 00:12:00,2.9
2016-09-30 00:18:00,2.1
2016-09-30 00:24:00,2.0
2016-09-30 00:30:00,2.2
2016-09-30 00:36:00,2.4
2016-09-30 00:42:00,2.7
2016-09-30 00:48:00,2.2
2016-09-30 00:54:00,2.1
2016-09-30 01:00:00,2.6
2016-09-30 01:06:00,2.7
2016-09-30 01:12:00,2.1
2016-09-30 01:18:00,2.7
2016-09-30 01:24:00,2.0
2016-09-30 01:30:00,2.4
2016-09-30 01:36:00,2.6
2016-09-30 01:42:00,3.0
2016-09-30 01:48:00,3.1
2016-09-30 01:54:00,3.4
2016-09-30 02:00:00,2.4
2016-09-30 02:06:00,3.5
2016-09-30 02:12:00,3.3
2016-09-30 02:18:00,2.7
2016-09-30 02:24:00,2.5
2016-09-30 02:30:00,2.3
2016-09-30 02:36:00,2.6
2016-09-30 02:42:00,2.7
2016-09-30 02:48:00,2.3
2016-09-30 02:54:00,3.0
2016-09-30 03:00:00,2.5
2016-09-30 03:06:00,2.5
2016-09-30 03:12:00,2.2
2016-09-30 03:18:00,2.8
2016-09-30 03:24:00,3.1
2016-09-30 03:30:00,3.1
2016-09-30 03:36:00,3.7
2016-09-30 03:42:00,4.1
2016-09-30 03:48:00,3.6
2016-09-30 03:54:00,2.8
2016-09-30 04:00:00,2.8
2016-09-30 04:06:00,2.7
2016-09-30 04:12:00,3.2
2016-09-30 04:18:00,2.8
2016-09-30 04:24:00,3.8
2016-09-30 04:30:00,2.4
2016-09-30 04:36:00,2.9
2016-09-30 04:42:00,2.8
2016-09-30 04:48:00,2.7
2016-09-30 04:54:00,2.1
2016-09-30 05:00:00,2.8
2016-09-30 05:06:00,2.5
2016-09-30 05:12:00,2.6
2016-09-30 05:18:00,2.3
2016-09-30 05:24:00,2.9
2016-09-30 05:30:00,2.3
2016-09-30 05:36:00,2.1
2016-09-30 05:42:00,4.7
2016-09-30 05:48:00,5.9
2016-09-30 05:54:00,5.3
2016-09-30 06:00:00,3.4
2016-09-30 06:06:00,3.0
2016-09-30 06:12:00,2.2
2016-09-30 06:18:00,2.3
2016-09-30 06:24:00,2.1
2016-09-30 06:30:00,1.8
2016-09-30 06:36:00,1.7
2016-09-30 06:42:00,1.9
2016-09-30 06:48:00,1.8
2016-09-30 06:54:00,1.7
2016-09-30 07:00:00,1.3
2016-09-30 07:06:00,1.4
2016-09-30 07:12:00,1.5
2016-09-30 07:18:00,1.6
2016-09-30 07:24:00,1.6
2016-09-30 07:30:00,1.8
2016-09-30 07:36:00,1.8
2016-09-30 07:42:00,1.6
2016-09-30 07:48:00,2.2
2016-09-30 07:54:00,1.5
2016-09-30 08:00:00,1.3
2016-09-30 08:06:00,1.7
2016-09-30 08:12:00,1.8
2016-09-30 08:18:00,2.1
2016-09-30 08:24:00,2.0
2016-09-30 08:30:00,1.7
2016-09-30 08:36:00,1.9
2016-09-30 08:42:00,2.2
2016-09-30 08:48:00,2.4
2016-09-30 08:54:00,2.3
2016-09-30 09:00:00,1.7
2016-09-30 09:06:00,1.7
2016-09-30 09:12:00,1.6
2016-09-30 09:18:00,2.0
2016-09-30 09:24:00,1.4
2016-09-30 09:30:00,2.1
2016-09-30 09:36:00,2.5
2016-09-30 09:42:00,2.1
2016-09-30 09:48:00,2.2
2016-09-30 09:54:00,2.3
2016-09-30 10:00:00,2.5
2016-09-30 10:06:00,2.2
2016-09-30 10:12:00,2.6
2016-09-30 10:18:00,2.9
2016-09-30 10:24:00,3.5
2016-09-30 10:30:00,3.0
2016-09-30 10:36:00,2.8
2016-09-30 10:42:00,2.1
2016-09-30 10:48:00,2.0
2016-09-30 10:54:00,2.4
2016-09-30 11:00:00,3.4
2016-09-30 11:06:00,3.4
2016-09-30 11:12:00,2.7
2016-09-30 11:18:00,4.1
2016-09-30 11:24:00,3.6
2016-09-30 11:30:00,3.7
2016-09-30 11:36:00,3.8
2016-09-30 11:42:00,4.1
2016-09-30 11:48:00,4.5
2016-09-30 11:54:00,4.5
2016-09-30 12:00:00,3.2
2016-09-30 12:06:00,4.0
2016-09-30 12:12:00,3.7
2016-09-30 12:18:00,3.0
2016-09-30 12:24:00,5.8
2016-09-30 12:30:00,5.9
2016-09-30 12:36:00,5.1
2016-09-30 12:42:00,1.8
2016-09-30 12:48:00,8.5
2016-09-30 12:54:00,1.2
2016-09-30 13:00:00,1.8
2016-09-30 13:06:00,0.6
2016-09-30 13:12:00,3.9
2016-09-30 13:18:00,4.3
2016-09-30 13:24:00,3.7
2016-09-30 13:30:00,3.3
2016-09-30 13:36:00,5.3
2016-09-30 13:42:00,5.5
2016-09-30 13:48:00,5.9
2016-09-30 13:54:00,4.7
2016-09-30 14:00:00,4.3
2016-09-30 14:06:00,4.2
2016-09-30 14:12:00,5.1
2016-09-30 14:18:00,5.9
2016-09-30 14:24:00,5.8
2016-09-30 14:30:00,2.8
2016-09-30 14:36:00,2.9
2016-09-30 14:42:00,2.3
2016-09-30 14:48:00,2.8
2016-09-30 14:54:00,2.4
2016-09-30 15:00:00,2.6
2016-09-30 15:06:00,2.7
2016-09-30 15:12:00,2.2
2016-09-30 15:18:00,4.7
2016-09-30 15:24:00,4.5
2016-09-30 15:30:00,4.5
2016-09-30 15:36:00,5.9
2016-09-30 15:42:00,5.6
2016-09-30 15:48:00,4.8
2016-09-30 15:54:00,6.6
2016-09-30 16:00:00,6.7
2016-09-30 16:06:00,6.5
2016-09-30 16:12:00,5.9
2016-09-30 16:18:00,7.2
2016-09-30 16:24:00,5.2
2016-09-30 16:30:00,6.8
2016-09-30 16:36:00,4.7
2016-09-30 16:42:00,6.3
2016-09-30 16:48:00,5.6
2016-09-30 16:54:00,5.7
2016-09-30 17:00:00,6.5
2016-09-30 17:06:00,6.6
2016-09-30 17:12:00,4.3
2016-09-30 17:18:00,4.6
2016-09-30 17:24:00,5.4
2016-09-30 17:30:00,6.9
2016-09-30 17:36:00,6.9
2016-09-30 17:42:00,6.6
2016-09-30 17:48:00,5.9
2016-09-30 17:54:00,5.9
2016-09-30 18:00:00,5.9
2016-09-30 18:06:00,6.9
2016-09-30 18:12:00,6.8
2016-09-30 18:18:00,7.5
2016-09-30 18:24:00,5.6
2016-09-30 18:30:00,6.7
2016-09-30 18:36:00,6.6
2016-09-30 18:42:00,6.9
2016-09-30 18:48:00,5.7
2016-09-30 18:54:00,6.7
2016-09-30 19:00:00,7.1
2016-09-30 19:06:00,6.6
2016-09-30 19:12:00,6.1
2016-09-30 19:18:00,5.7
2016-09-30 19:24:00,4.9
2016-09-30 19:30:00,5.3
2016-09-30 19:36:00,6.0
2016-09-30 19:42:00,5.9
2016-09-30 19:48:00,4.3
2016-09-30 19:54:00,6.0
2016-09-30 20:00:00,4.8
2016-09-30 20:06:00,4.3
2016-09-30 20:12:00,4.3
2016-09-30 20:18:00,4.8
2016-09-30 20:24:00,4.3
2016-09-30 20:30:00,4.8
2016-09-30 20:36:00,6.1
2016-09-30 20:42:00,5.4
2016-09-30 20:48:00,5.2
2016-09-30 20:54:00,5.4
2016-09-30 21:00:00,5.1
2016-09-30 21:06:00,3.6
2016-09-30 21:12:00,4.1
2016-09-30 21:18:00,3.5
2016-09-30 21:24:00,3.5
2016-09-30 21:30:00,3.6
2016-09-30 21:36:00,3.2
2016-09-30 21:42:00,3.9
2016-09-30 21:48:00,3.6
2016-09-30 21:54:00,3.7
2016-09-30 22:00:00,3.7
2016-09-30 22:06:00,3.7
2016-09-30 22:12:00,3.5
2016-09-30 22:18:00,3.3
2016-09-30 22:24:00,2.9
2016-09-30 22:30:00,2.8
2016-09-30 22:36:00,2.9
2016-09-30 22:42:00,2.6
2016-09-30 22:48:00,3.3
2016-09-30 22:54:00,2.5
2016-09-30 23:00:00,2.5
2016-09-30 23:06:00,3.2
2016-09-30 23:12:00,2.8
2016-09-30 23:18:00,3.2
2016-09-30 23:24:00,2.4
2016-09-30 23:30:00,2.8
2016-09-30 23:36:00,3.4
2016-09-30 23:42:00,7.3
2016-09-30 23:48:00,5.2
2016-09-30 23:54:00,4.2
2016-10-01 00:00:00,3.3
2016-10-01 00:06:00,3.3
2016-10-01 00:12:00,3.2
2016-10-01 00:18:00,3.0
2016-10-01 00:24:00,3.2
2016-10-01 00:30:00,2.8
2016-10-01 00:36:00,2.8
2016-10-01 00:42:00,3.4
2016-10-01 00:48:00,3.6
2016-10-01 00:54:00,3.3
2016-10-01 01:00:00,3.4
2016-10-01 01:06:00,2.9
2016-10-01 01:12:00,3.1
2016-10-01 01:18:00,3.0
2016-10-01 01:24:00,2.7
2016-10-01 01:30:00,3.3
2016-10-01 01:36:00,3.2
2016-10-01 01:42:00,2.8
2016-10-01 01:48:00,2.8
2016-10-01 01:54:00,3.2
2016-10-01 02:00:00,2.9
2016-10-01 02:06:00,3.1
2016-10-01 02:12:00,2.5
2016-10-01 02:18:00,3.1
2016-10-01 02:24:00,2.8
2016-10-01 02:30:00,3.3
2016-10-01 02:36:00,3.7
2016-10-01 02:42:00,4.1
2016-10-01 02:48:00,3.1
2016-10-01 02:54:00,3.2
2016-10-01 03:00:00,2.8
2016-10-01 03:06:00,3.4
2016-10-01 03:12:00,3.5
2016-10-01 03:18:00,3.8
2016-10-01 03:24:00,3.4
2016-10-01 03:30:00,3.4
2016-10-01 03:36:00,3.3
2016-10-01 03:42:00,2.9
2016-10-01 03:48:00,3.6
2016-10-01 03:54:00,3.8
2016-10-01 04:00:00,3.6
2016-10-01 04:06:00,3.2
2016-10-01 04:12:00,3.3
2016-10-01 04:18:00,2.9
2016-10-01 04:24:00,3.6
2016-10-01 04:30:00,3.8
2016-10-01 04:36:00,3.6
2016-10-01 04:42:00,4.1
2016-10-01 04:48:00,3.7
2016-10-01 04:54:00,4.0
2016-10-01 05:00:00,3.6
2016-10-01 05:06:00,3.3
2016-10-01 05:12:00,3.7
2016-10-01 05:18:00,3.1
2016-10-01 05:24:00,3.2
2016-10-01 05:30:00,4.2
2016-10-01 05:36:00,3.9
2016-10-01 05:42:00,4.0
2016-10-01 05:48:00,3.1
2016-10-01 05:54:00,3.2
2016-10-01 06:00:00,3.3
2016-10-01 06:06:00,3.4
2016-10-01 06:12:00,2.6
2016-10-01 06:18:00,3.2
2016-10-01 06:24:00,2.8
2016-10-01 06:30:00,2.5
2016-10-01 06:36:00,2.7
2016-10-01 06:42:00,2.7
2016-10-01 06:48:00,2.7
2016-10-01 06:54:00,4.1
2016-10-01 07:00:00,3.4
2016-10-01 07:06:00,2.9
2016-10-01 07:12:00,2.7
2016-10-01 07:18:00,3.1
2016-10-01 07:24:00,3.0
2016-10-01 07:30:00,2.6
2016-10-01 07:36:00,2.4
2016-10-01 07:42:00,2.5
2016-10-01 07:48:00,2.5
2016-10-01 07:54:00,2.6
2016-10-01 08:00:00,2.3
2016-10-01 08:06:00,2.5
2016-10-01 08:12:00,2.0
2016-10-01 08:18:00,2.7
2016-10-01 08:24:00,2.6
2016-10-01 08:30:00,2.5
2016-10-01 08:36:00,2.8
2016-10-01 08:42:00,2.5
2016-10-01 08:48:00,2.9
2016-10-01 08:54:00,2.9
2016-10-01 09:00:00,2.3
2016-10-01 09:06:00,2.4
2016-10-01 09:12:00,2.8
2016-10-01 09:18:00,3.5
2016-10-01 09:24:00,2.5
2016-10-01 09:30:00,2.7
2016-10-01 09:36:00,2.7
2016-10-01 09:42:00,3.4
2016-10-01 09:48:00,2.9
2016-10-01 09:54:00,2.9
2016-10-01 10:00:00,2.5
2016-10-01 10:06:00,2.2
2016-10-01 10:12:00,2.1
2016-10-01 10:18:00,2.4
2016-10-01 10:24:00,2.3
2016-10-01 10:30:00,2.7
2016-10-01 10:36:00,2.9
2016-10-01 10:42:00,2.9
2016-10-01 10:48:00,3.6
2016-10-01 10:54:00,4.0
2016-10-01 11:00:00,4.0
2016-10-01 11:06:00,3.8
2016-10-01 11:12:00,4.4
2016-10-01 11:18:00,5.1
2016-10-01 11:24:00,4.1
2016-10-01 11:30:00,3.5
2016-10-01 11:36:00,3.5
2016-10-01 11:42:00,4.3
2016-10-01 11:48:00,4.8
2016-10-01 11:54:00,5.0
2016-10-01 12:00:00,5.7
2016-10-01 12:06:00,6.2
2016-10-01 12:12:00,4.6
2016-10-01 12:18:00,5.7
2016-10-01 12:24:00,5.9
2016-10-01 12:30:00,6.0
2016-10-01 12:36:00,6.1
2016-10-01 12:42:00,5.5
2016-10-01 12:48:00,6.2
2016-10-01 12:54:00,6.1
2016-10-01 13:00:00,5.8
2016-10-01 13:06:00,5.9
2016-10-01 13:12:00,5.8
2016-10-01 13:18:00,5.5
2016-10-01 13:24:00,6.3
2016-10-01 13:30:00,5.7
2016-10-01 13:36:00,4.3
2016-10-01 13:42:00,5.0
2016-10-01 13:48:00,5.7
2016-10-01 13:54:00,6.6
2016-10-01 14:00:00,6.1
2016-10-01 14:06:00,4.5
2016-10-01 14:12:00,6.7
2016-10-01 14:18:00,5.8
2016-10-01 14:24:00,7.0
2016-10-01 14:30:00,5.8
2016-10-01 14:36:00,5.3
2016-10-01 14:42:00,5.3
2016-10-01 14:48:00,5.8
2016-10-01 14:54:00,6.1
2016-10-01 15:00:00,5.5
2016-10-01 15:06:00,5.9
2016-10-01 15:12:00,5.0
2016-10-01 15:18:00,4.4
2016-10-01 15:24:00,6.1
2016-10-01 15:30:00,5.4
2016-10-01 15:36:00,5.7
2016-10-01 15:42:00,5.1
2016-10-01 15:48:00,5.5
2016-10-01 15:54:00,6.2
2016-10-01 16:00:00,6.0
2016-10-01 16:06:00,6.2
2016-10-01 16:12:00,5.9
2016-10-01 16:18:00,4.0
2016-10-01 16:24:00,5.1
2016-10-01 16:30:00,5.3
2016-10-01 16:36:00,4.4
2016-10-01 16:42:00,3.6
2016-10-01 16:48:00,6.0
2016-10-01 16:54:00,5.8
2016-10-01 17:00:00,5.7
2016-10-01 17:06:00,5.2
2016-10-01 17:12:00,5.4
2016-10-01 17:18:00,5.2
2016-10-01 17:24:00,5.3
2016-10-01 17:30:00,6.4
2016-10-01 17:36:00,6.4
2016-10-01 17:42:00,4.4
2016-10-01 17:48:00,3.8
2016-10-01 17:54:00,3.3
2016-10-01 18:00:00,4.5
2016-10-01 18:06:00,5.3
2016-10-01 18:12:00,4.4
2016-10-01 18:18:00,6.0
2016-10-01 18:24:00,3.6
2016-10-01 18:30:00,4.6
2016-10-01 18:36:00,3.7
2016-10-01 18:42:00,4.1
2016-10-01 18:48:00,4.4
2016-10-01 18:54:00,4.5
2016-10-01 19:00:00,3.7
2016-10-01 19:06:00,3.5
2016-10-01 19:12:00,4.4
2016-10-01 19:18:00,4.2
2016-10-01 19:24:00,2.5
2016-10-01 19:30:00,4.4
2016-10-01 19:36:00,5.2
2016-10-01 19:42:00,5.6
2016-10-01 19:48:00,4.1
2016-10-01 19:54:00,5.4
2016-10-01 20:00:00,3.5
2016-10-01 20:06:00,5.5
2016-10-01 20:12:00,3.0
2016-10-01 20:18:00,3.1
2016-10-01 20:24:00,4.7
2016-10-01 20:30:00,5.0
2016-10-01 20:36:00,3.2
2016-10-01 20:42:00,3.2
2016-10-01 20:48:00,4.5
2016-10-01 20:54:00,2.7
2016-10-01 21:00:00,3.4
2016-10-01 21:06:00,3.3
2016-10-01 21:12:00,3.5
2016-10-01 21:18:00,3.3
2016-10-01 21:24:00,2.3
2016-10-01 21:30:00,2.8
2016-10-01 21:36:00,2.3
2016-10-01 21:42:00,2.1
2016-10-01 21:48:00,1.9
2016-10-01 21:54:00,1.7
2016-10-01 22:00:00,1.7
2016-10-01 22:06:00,3.2
2016-10-01 22:12:00,2.2
2016-10-01 22:18:00,1.5
2016-10-01 22:24:00,1.6
2016-10-01 22:30:00,3.5
2016-10-01 22:36:00,3.0
2016-10-01 22:42:00,1.8
2016-10-01 22:48:00,1.6
2016-10-01 22:54:00,1.3
2016-10-01 23:00:00,1.6
2016-10-01 23:06:00,2.0
2016-10-01 23:12:00,2.1
2016-10-01 23:18:00,2.0
2016-10-01 23:24:00,2.0
2016-10-01 23:30:00,2.3
2016-10-01 23:36:00,2.1
2016-10-01 23:42:00,1.9
2016-10-01 23:48:00,2.2
2016-10-01 23:54:00,1.9
2016-10-02 00:00:00,2.2
2016-10-02 00:06:00,2.0
2016-10-02 00:12:00,1.6
2016-10-02 00:18:00,1.9
2016-10-02 00:24:00,2.3
2016-10-02 00:30:00,1.9
2016-10-02 00:36:00,2.1
2016-10-02 00:42:00,1.9
2016-10-02 00:48:00,2.1
2016-10-02 00:54:00,2.2
2016-10-02 01:00:00,2.1
2016-10-02 01:06:00,2.5
2016-10-02 01:12:00,2.2
2016-10-02 01:18:00,2.3
2016-10-02 01:24:00,2.2
2016-10-02 01:30:00,2.1
2016-10-02 01:36:00,2.1
2016-10-02 01:42:00,2.3
2016-10-02 01:48:00,2.0
2016-10-02 01:54:00,2.1
2016-10-02 02:00:00,1.9
2016-10-02 02:06:00,2.4
2016-10-02 02:12:00,2.0
2016-10-02 02:18:00,1.8
2016-10-02 02:24:00,1.8
2016-10-02 02:30:00,2.0
2016-10-02 02:36:00,2.0
2016-10-02 02:42:00,2.0
2016-10-02 02:48:00,2.3
2016-10-02 02:54:00,2.2
2016-10-02 03:00:00,2.4
2016-10-02 03:06:00,2.2
2016-10-02 03:12:00,1.8
2016-10-02 03:18:00,2.0
2016-10-02 03:24:00,2.0
2016-10-02 03:30:00,1.8
2016-10-02 03:36:00,2.1
2016-10-02 03:42:00,2.3
2016-10-02 03:48:00,2.2
2016-10-02 03:54:00,2.5
2016-10-02 04:00:00,2.7
2016-10-02 04:06:00,2.6
2016-10-02 04:12:00,2.4
2016-10-02 04:18:00,1.9
2016-10-02 04:24:00,2.4
2016-10-02 04:30:00,2.5
2016-10-02 04:36:00,2.1
2016-10-02 04:42:00,2.6
2016-10-02 04:48:00,2.1
2016-10-02 04:54:00,2.1
2016-10-02 05:00:00,2.2
2016-10-02 05:06:00,2.2
2016-10-02 05:12:00,1.9
2016-10-02 05:18:00,1.7
2016-10-02 05:24:00,2.2
2016-10-02 05:30:00,1.9
2016-10-02 05:36:00,1.5
2016-10-02 05:42:00,1.7
2016-10-02 05:48:00,1.9
2016-10-02 05:54:00,1.9
2016-10-02 06:00:00,1.9
2016-10-02 06:06:00,2.0
2016-10-02 06:12:00,2.1
2016-10-02 06:18:00,2.2
2016-10-02 06:24:00,2.1
2016-10-02 06:30:00,1.9
2016-10-02 06:36:00,1.7
2016-10-02 06:42:00,2.0
2016-10-02 06:48:00,1.7
2016-10-02 06:54:00,1.9
2016-10-02 07:00:00,1.9
2016-10-02 07:06:00,1.7
2016-10-02 07:12:00,1.8
2016-10-02 07:18:00,2.0
2016-10-02 07:24:00,2.5
2016-10-02 07:30:00,2.8
2016-10-02 07:36:00,2.2
2016-10-02 07:42:00,2.4
2016-10-02 07:48:00,2.7
2016-10-02 07:54:00,2.1
2016-10-02 08:00:00,2.0
2016-10-02 08:06:00,1.6
2016-10-02 08:12:00,1.4
2016-10-02 08:18:00,1.6
2016-10-02 08:24:00,2.0
2016-10-02 08:30:00,2.6
2016-10-02 08:36:00,2.6
2016-10-02 08:42:00,2.4
2016-10-02 08:48:00,2.6
2016-10-02 08:54:00,2.5
2016-10-02 09:00:00,2.7
2016-10-02 09:06:00,2.2
2016-10-02 09:12:00,2.2
2016-10-02 09:18:00,1.8
2016-10-02 09:24:00,1.8
2016-10-02 09:30:00,2.2
2016-10-02 09:36:00,2.0
2016-10-02 09:42:00,2.1
2016-10-02 09:48:00,2.5
2016-10-02 09:54:00,2.1
2016-10-02 10:00:00,2.2
2016-10-02 10:06:00,2.2
2016-10-02 10:12:00,2.2
2016-10-02 10:18:00,2.3
2016-10-02 10:24:00,1.9
2016-10-02 10:30:00,1.5
2016-10-02 10:36:00,1.8
2016-10-02 10:42:00,1.4
2016-10-02 10:48:00,1.6
2016-10-02 10:54:00,1.2
2016-10-02 11:00:00,1.5
2016-10-02 11:06:00,1.5
2016-10-02 11:12:00,1.4
2016-10-02 11:18:00,2.0
2016-10-02 11:24:00,1.8
2016-10-02 11:30:00,2.0
2016-10-02 11:36:00,2.8
2016-10-02 11:42:00,4.1
2016-10-02 11:48:00,3.2
2016-10-02 11:54:00,3.9
2016-10-02 12:00:00,3.6
2016-10-02 12:06:00,3.4
2016-10-02 12:12:00,3.0
2016-10-02 12:18:00,5.0
2016-10-02 12:24:00,3.1
2016-10-02 12:30:00,3.1
2016-10-02 12:36:00,3.4
2016-10-02 12:42:00,4.4
2016-10-02 12:48:00,3.3
2016-10-02 12:54:00,4.5
2016-10-02 13:00:00,3.7
2016-10-02 13:06:00,3.8
2016-10-02 13:12:00,4.6
2016-10-02 13:18:00,4.3
2016-10-02 13:24:00,4.8
2016-10-02 13:30:00,4.0
2016-10-02 13:36:00,3.6
2016-10-02 13:42:00,4.0
2016-10-02 13:48:00,3.5
2016-10-02 13:54:00,4.7
2016-10-02 14:00:00,4.4
2016-10-02 14:06:00,3.6
2016-10-02 14:12:00,4.2
2016-10-02 14:18:00,4.6
2016-10-02 14:24:00,4.1
2016-10-02 14:30:00,4.0
2016-10-02 14:36:00,3.3
2016-10-02 14:42:00,4.1
2016-10-02 14:48:00,4.0
2016-10-02 14:54:00,4.6
2016-10-02 15:00:00,4.5
2016-10-02 15:06:00,4.8
2016-10-02 15:12:00,4.9
2016-10-02 15:18:00,5.9
2016-10-02 15:24:00,4.9
2016-10-02 15:30:00,4.6
2016-10-02 15:36:00,5.2
2016-10-02 15:42:00,4.9
2016-10-02 15:48:00,5.0
2016-10-02 15:54:00,5.3
2016-10-02 16:00:00,5.5
2016-10-02 16:06:00,5.6
2016-10-02 16:12:00,5.9
2016-10-02 16:18:00,5.5
2016-10-02 16:24:00,5.3
2016-10-02 16:30:00,5.6
2016-10-02 16:36:00,5.5
2016-10-02 16:42:00,5.5
2016-10-02 16:48:00,5.6
2016-10-02 16:54:00,5.1
2016-10-02 17:00:00,5.8
2016-10-02 17:06:00,6.1
2016-10-02 17:12:00,5.1
2016-10-02 17:18:00,5.0
2016-10-02 17:24:00,5.3
2016-10-02 17:30:00,5.9
2016-10-02 17:36:00,5.6
2016-10-02 17:42:00,5.4
2016-10-02 17:48:00,5.9
2016-10-02 17:54:00,5.1
2016-10-02 18:00:00,5.3
2016-10-02 18:06:00,5.7
2016-10-02 18:12:00,5.3
2016-10-02 18:18:00,5.7
2016-10-02 18:24:00,5.3
2016-10-02 18:30:00,5.2
2016-10-02 18:36:00,5.5
2016-10-02 18:42:00,5.9
2016-10-02 18:48:00,5.2
2016-10-02 18:54:00,5.4
2016-10-02 19:00:00,5.1
2016-10-02 19:06:00,5.3
2016-10-02 19:12:00,4.8
2016-10-02 19:18:00,4.7
2016-10-02 19:24:00,4.8
2016-10-02 19:30:00,4.1
2016-10-02 19:36:00,4.8
2016-10-02 19:42:00,4.9
2016-10-02 19:48:00,5.0
2016-10-02 19:54:00,4.1
2016-10-02 20:00:00,4.3
2016-10-02 20:06:00,4.8
2016-10-02 20:12:00,4.8
2016-10-02 20:18:00,4.6
2016-10-02 20:24:00,4.4
2016-10-02 20:30:00,4.3
2016-10-02 20:36:00,4.4
2016-10-02 20:42:00,4.5
2016-10-02 20:48:00,3.7
2016-10-02 20:54:00,3.9
2016-10-02 21:00:00,4.4
2016-10-02 21:06:00,4.4
2016-10-02 21:12:00,3.9
2016-10-02 21:18:00,4.0
2016-10-02 21:24:00,3.7
2016-10-02 21:30:00,3.3
2016-10-02 21:36:00,3.0
2016-10-02 21:42:00,2.4
2016-10-02 21:48:00,2.3
2016-10-02 21:54:00,2.2
2016-10-02 22:00:00,2.1
2016-10-02 22:06:00,2.4
2016-10-02 22:12:00,2.1
2016-10-02 22:18:00,2.0
2016-10-02 22:24:00,2.4
2016-10-02 22:30:00,2.2
2016-10-02 22:36:00,2.1
2016-10-02 22:42:00,2.0
2016-10-02 22:48:00,2.0
2016-10-02 22:54:00,2.2
2016-10-02 23:00:00,2.3
2016-10-02 23:06:00,2.2
2016-10-02 23:12:00,2.1
2016-10-02 23:18:00,2.4
2016-10-02 23:24:00,2.8
2016-10-02 23:30:00,2.7
2016-10-02 23:36:00,2.5
2016-10-02 23:42:00,2.3
2016-10-02 23:48:00,2.1
2016-10-02 23:54:00,2.6
2016-10-03 00:00:00,2.4
2016-10-03 00:06:00,2.4
2016-10-03 00:12:00,2.2
2016-10-03 00:18:00,2.3
2016-10-03 00:24:00,1.9
2016-10-03 00:30:00,2.4
2016-10-03 00:36:00,2.4
2016-10-03 00:42:00,2.4
2016-10-03 00:48:00,2.6
2016-10-03 00:54:00,2.6
2016-10-03 01:00:00,2.7
2016-10-03 01:06:00,2.8
2016-10-03 01:12:00,2.8
2016-10-03 01:18:00,2.9
2016-10-03 01:24:00,2.6
2016-10-03 01:30:00,2.3
2016-10-03 01:36:00,2.6
2016-10-03 01:42:00,2.1
2016-10-03 01:48:00,3.0
2016-10-03 01:54:00,2.8
2016-10-03 02:00:00,3.3
2016-10-03 02:06:00,3.2
2016-10-03 02:12:00,3.0
2016-10-03 02:18:00,3.0
2016-10-03 02:24:00,3.0
2016-10-03 02:30:00,2.9
2016-10-03 02:36:00,3.1
2016-10-03 02:42:00,2.8
2016-10-03 02:48:00,3.1
2016-10-03 02:54:00,3.1
2016-10-03 03:00:00,3.2
2016-10-03 03:06:00,3.1
2016-10-03 03:12:00,3.1
2016-10-03 03:18:00,2.2
2016-10-03 03:24:00,2.6
2016-10-03 03:30:00,2.9
2016-10-03 03:36:00,2.6
2016-10-03 03:42:00,2.6
2016-10-03 03:48:00,2.8
2016-10-03 03:54:00,3.0
2016-10-03 04:00:00,3.1
2016-10-03 04:06:00,2.7
2016-10-03 04:12:00,2.8
2016-10-03 04:18:00,2.9
2016-10-03 04:24:00,2.7
2016-10-03 04:30:00,3.3
2016-10-03 04:36:00,3.0
2016-10-03 04:42:00,2.9
2016-10-03 04:48:00,3.0
2016-10-03 04:54:00,4.3
2016-10-03 05:00:00,4.9
2016-10-03 05:06:00,4.9
2016-10-03 05:12:00,3.4
2016-10-03 05:18:00,3.2
2016-10-03 05:24:00,2.6
2016-10-03 05:30:00,2.4
2016-10-03 05:36:00,2.5
2016-10-03 05:42:00,2.2
2016-10-03 05:48:00,2.1
2016-10-03 05:54:00,2.3
2016-10-03 06:00:00,2.3
2016-10-03 06:06:00,2.6
2016-10-03 06:12:00,2.4
2016-10-03 06:18:00,2.7
2016-10-03 06:24:00,3.2
2016-10-03 06:30:00,3.5
2016-10-03 06:36:00,4.3
2016-10-03 06:42:00,3.1
2016-10-03 06:48:00,2.7
2016-10-03 06:54:00,2.7
2016-10-03 07:00:00,2.5
2016-10-03 07:06:00,2.6
2016-10-03 07:12:00,2.7
2016-10-03 07:18:00,2.7
2016-10-03 07:24:00,2.7
2016-10-03 07:30:00,2.8
2016-10-03 07:36:00,2.8
2016-10-03 07:42:00,2.8
2016-10-03 07:48:00,2.8
2016-10-03 07:54:00,3.4
2016-10-03 08:00:00,3.8
2016-10-03 08:06:00,3.6
2016-10-03 08:12:00,3.3
2016-10-03 08:18:00,3.7
2016-10-03 08:24:00,3.7
2016-10-03 08:30:00,4.1
2016-10-03 08:36:00,3.4
2016-10-03 08:42:00,3.6
2016-10-03 08:48:00,4.3
2016-10-03 08:54:00,6.3
2016-10-03 09:00:00,6.4
2016-10-03 09:06:00,2.9
2016-10-03 09:12:00,3.1
2016-10-03 09:18:00,3.3
2016-10-03 09:24:00,3.6
2016-10-03 09:30:00,2.6
2016-10-03 09:36:00,2.8
2016-10-03 09:42:00,3.1
2016-10-03 09:48:00,3.1
2016-10-03 09:54:00,2.6
2016-10-03 10:00:00,2.8
2016-10-03 10:06:00,2.7
2016-10-03 10:12:00,2.5
2016-10-03 10:18:00,2.8
2016-10-03 10:24:00,2.9
2016-10-03 10:30:00,3.0
2016-10-03 10:36:00,2.9
2016-10-03 10:42:00,2.7
2016-10-03 10:48:00,2.9
2016-10-03 10:54:00,3.0
2016-10-03 11:00:00,2.8
2016-10-03 11:06:00,3.1
2016-10-03 11:12:00,2.4
2016-10-03 11:18:00,3.3
2016-10-03 11:24:00,2.8
2016-10-03 11:30:00,3.1
2016-10-03 11:36:00,3.7
2016-10-03 11:42:00,3.9
2016-10-03 11:48:00,5.0
2016-10-03 11:54:00,5.7
2016-10-03 12:00:00,6.1
2016-10-03 12:06:00,5.6
2016-10-03 12:12:00,5.2
2016-10-03 12:18:00,6.0
2016-10-03 12:24:00,6.1
2016-10-03 12:30:00,6.0
2016-10-03 12:36:00,6.6
2016-10-03 12:42:00,6.6
2016-10-03 12:48:00,6.3
2016-10-03 12:54:00,6.3
2016-10-03 13:00:00,7.1
2016-10-03 13:06:00,6.3
2016-10-03 13:12:00,6.2
2016-10-03 13:18:00,6.3
2016-10-03 13:24:00,6.4
2016-10-03 13:30:00,7.0
2016-10-03 13:36:00,6.3
2016-10-03 13:42:00,6.6
2016-10-03 13:48:00,6.4
2016-10-03 13:54:00,6.9
2016-10-03 14:00:00,6.5
2016-10-03 14:06:00,6.5
2016-10-03 14:12:00,6.7
2016-10-03 14:18:00,6.7
2016-10-03 14:24:00,5.6
2016-10-03 14:30:00,6.3
2016-10-03 14:36:00,6.4
2016-10-03 14:42:00,6.1
2016-10-03 14:48:00,5.8
2016-10-03 14:54:00,6.6
2016-10-03 15:00:00,6.3
2016-10-03 15:06:00,6.5
2016-10-03 15:12:00,6.3
2016-10-03 15:18:00,6.3
2016-10-03 15:24:00,6.1
2016-10-03 15:30:00,6.3
2016-10-03 15:36:00,6.1
2016-10-03 15:42:00,6.1
2016-10-03 15:48:00,5.6
2016-10-03 15:54:00,6.5
2016-10-03 16:00:00,6.1
2016-10-03 16:06:00,6.3
2016-10-03 16:12:00,6.6
2016-10-03 16:18:00,6.0
2016-10-03 16:24:00,6.6
2016-10-03 16:30:00,5.6
2016-10-03 16:36:00,6.2
2016-10-03 16:42:00,6.4
2016-10-03 16:48:00,6.3
2016-10-03 16:54:00,7.0
2016-10-03 17:00:00,7.8
2016-10-03 17:06:00,7.7
2016-10-03 17:12:00,8.5
2016-10-03 17:18:00,7.4
2016-10-03 17:24:00,7.0
2016-10-03 17:30:00,7.4
2016-10-03 17:36:00,7.5
2016-10-03 17:42:00,8.2
2016-10-03 17:48:00,7.0
2016-10-03 17:54:00,7.0
2016-10-03 18:00:00,7.5
2016-10-03 18:06:00,7.4
2016-10-03 18:12:00,7.0
2016-10-03 18:18:00,7.0
2016-10-03 18:24:00,6.0
2016-10-03 18:30:00,6.9
2016-10-03 18:36:00,7.2
2016-10-03 18:42:00,7.6
2016-10-03 18:48:00,6.7
2016-10-03 18:54:00,6.9
2016-10-03 19:00:00,6.5
2016-10-03 19:06:00,6.0
2016-10-03 19:12:00,6.2
2016-10-03 19:18:00,6.7
2016-10-03 19:24:00,7.2
2016-10-03 19:30:00,6.5
2016-10-03 19:36:00,6.1
2016-10-03 19:42:00,6.6
2016-10-03 19:48:00,6.5
2016-10-03 19:54:00,6.3
2016-10-03 20:00:00,6.1
2016-10-03 20:06:00,6.2
2016-10-03 20:12:00,5.3
2016-10-03 20:18:00,6.1
2016-10-03 20:24:00,6.7
2016-10-03 20:30:00,6.8
2016-10-03 20:36:00,6.8
2016-10-03 20:42:00,6.5
2016-10-03 20:48:00,6.5
2016-10-03 20:54:00,6.5
2016-10-03 21:00:00,6.5
2016-10-03 21:06:00,6.0
2016-10-03 21:12:00,5.8
2016-10-03 21:18:00,5.5
2016-10-03 21:24:00,4.7
2016-10-03 21:30:00,4.7
2016-10-03 21:36:00,6.0
2016-10-03 21:42:00,5.3
2016-10-03 21:48:00,6.0
2016-10-03 21:54:00,4.9
2016-10-03 22:00:00,5.5
2016-10-03 22:06:00,6.1
2016-10-03 22:12:00,6.7
2016-10-03 22:18:00,5.5
2016-10-03 22:24:00,5.9
2016-10-03 22:30:00,5.9
2016-10-03 22:36:00,6.1
2016-10-03 22:42:00,6.1
2016-10-03 22:48:00,5.2
2016-10-03 22:54:00,5.6
2016-10-03 23:00:00,5.0
2016-10-03 23:06:00,5.2
2016-10-03 23:12:00,5.1
2016-10-03 23:18:00,5.2
2016-10-03 23:24:00,5.1
2016-10-03 23:30:00,5.2
2016-10-03 23:36:00,5.9
2016-10-03 23:42:00,5.7
2016-10-03 23:48:00,5.2
2016-10-03 23:54:00,5.1
2016-10-04 00:00:00,5.6
2016-10-04 00:06:00,4.8
2016-10-04 00:12:00,4.9
2016-10-04 00:18:00,5.0
2016-10-04 00:24:00,5.5
2016-10-04 00:30:00,5.4
2016-10-04 00:36:00,5.2
2016-10-04 00:42:00,4.8
2016-10-04 00:48:00,5.4
2016-10-04 00:54:00,5.6
2016-10-04 01:00:00,5.6
2016-10-04 01:06:00,5.6
2016-10-04 01:12:00,5.3
2016-10-04 01:18:00,5.7
2016-10-04 01:24:00,5.9
2016-10-04 01:30:00,5.8
2016-10-04 01:36:00,4.7
2016-10-04 01:42:00,5.6
2016-10-04 01:48:00,5.7
2016-10-04 01:54:00,5.3
2016-10-04 02:00:00,3.9
2016-10-04 02:06:00,5.1
2016-10-04 02:12:00,3.6
2016-10-04 02:18:00,3.4
2016-10-04 02:24:00,3.2
2016-10-04 02:30:00,3.9
2016-10-04 02:36:00,3.2
2016-10-04 02:42:00,5.9
2016-10-04 02:48:00,5.1
2016-10-04 02:54:00,5.2
2016-10-04 03:00:00,5.3
2016-10-04 03:06:00,4.8
2016-10-04 03:12:00,5.2
2016-10-04 03:18:00,4.8
2016-10-04 03:24:00,5.1
2016-10-04 03:30:00,5.5
2016-10-04 03:36:00,5.1
2016-10-04 03:42:00,5.3
2016-10-04 03:48:00,5.6
2016-10-04 03:54:00,5.0
2016-10-04 04:00:00,3.4
2016-10-04 04:06:00,3.2
2016-10-04 04:12:00,3.1
2016-10-04 04:18:00,2.6
2016-10-04 04:24:00,2.3
2016-10-04 04:30:00,2.1
2016-10-04 04:36:00,2.5
2016-10-04 04:42:00,2.5
2016-10-04 04:48:00,2.6
2016-10-04 04:54:00,2.2
2016-10-04 05:00:00,2.1
2016-10-04 05:06:00,2.1
2016-10-04 05:12:00,2.9
2016-10-04 05:18:00,3.6
2016-10-04 05:24:00,4.3
2016-10-04 05:30:00,5.0
2016-10-04 05:36:00,3.5
2016-10-04 05:42:00,4.0
2016-10-04 05:48:00,3.6
2016-10-04 05:54:00,3.8
2016-10-04 06:00:00,3.6
2016-10-04 06:06:00,3.1
2016-10-04 06:12:00,2.9
2016-10-04 06:18:00,3.0
2016-10-04 06:24:00,3.2
2016-10-04 06:30:00,4.2
2016-10-04 06:36:00,3.8
2016-10-04 06:42:00,3.7
2016-10-04 06:48:00,3.0
2016-10-04 06:54:00,2.9
2016-10-04 07:00:00,2.9
2016-10-04 07:06:00,2.8
2016-10-04 07:12:00,2.6
2016-10-04 07:18:00,2.6
2016-10-04 07:24:00,3.2
2016-10-04 07:30:00,2.2
2016-10-04 07:36:00,2.4
2016-10-04 07:42:00,2.6
2016-10-04 07:48:00,1.8
2016-10-04 07:54:00,1.6
2016-10-04 08:00:00,1.8
2016-10-04 08:06:00,1.7
2016-10-04 08:12:00,1.9
2016-10-04 08:18:00,1.8
2016-10-04 08:24:00,1.9
2016-10-04 08:30:00,1.7
2016-10-04 08:36:00,1.7
2016-10-04 08:42:00,2.1
2016-10-04 08:48:00,2.3
2016-10-04 08:54:00,2.1
2016-10-04 09:00:00,2.3
2016-10-04 09:06:00,2.0
2016-10-04 09:12:00,2.1
2016-10-04 09:18:00,2.2
2016-10-04 09:24:00,2.1
2016-10-04 09:30:00,2.3
2016-10-04 09:36:00,2.0
2016-10-04 09:42:00,2.0
2016-10-04 09:48:00,2.2
2016-10-04 09:54:00,2.7
2016-10-04 10:00:00,2.8
2016-10-04 10:06:00,2.6
2016-10-04 10:12:00,2.8
2016-10-04 10:18:00,2.7
2016-10-04 10:24:00,2.5
2016-10-04 10:30:00,2.7
2016-10-04 10:36:00,2.6
2016-10-04 10:42:00,2.7
2016-10-04 10:48:00,3.0
2016-10-04 10:54:00,3.1
2016-10-04 11:00:00,2.9
2016-10-04 11:06:00,3.5
2016-10-04 11:12:00,3.5
2016-10-04 11:18:00,4.2
2016-10-04 11:24:00,3.3
2016-10-04 11:30:00,4.3
2016-10-04 11:36:00,4.3
2016-10-04 11:42:00,5.7
2016-10-04 11:48:00,5.2
2016-10-04 11:54:00,4.8
2016-10-04 12:00:00,4.1
2016-10-04 12:06:00,4.5
2016-10-04 12:12:00,5.5
2016-10-04 12:18:00,5.4
2016-10-04 12:24:00,5.3
2016-10-04 12:30:00,4.9
2016-10-04 12:36:00,5.5
2016-10-04 12:42:00,4.5
2016-10-04 12:48:00,5.8
2016-10-04 12:54:00,6.0
2016-10-04 13:00:00,6.0
2016-10-04 13:06:00,5.5
2016-10-04 13:12:00,4.9
2016-10-04 13:18:00,6.3
2016-10-04 13:24:00,6.9
2016-10-04 13:30:00,5.4
2016-10-04 13:36:00,5.4
2016-10-04 13:42:00,4.9
2016-10-04 13:48:00,6.2
2016-10-04 13:54:00,7.1
2016-10-04 14:00:00,7.7
2016-10-04 14:06:00,7.6
2016-10-04 14:12:00,6.9
2016-10-04 14:18:00,8.5
2016-10-04 14:24:00,6.1
2016-10-04 14:30:00,7.3
2016-10-04 14:36:00,6.6
2016-10-04 14:42:00,7.0
2016-10-04 14:48:00,7.7
2016-10-04 14:54:00,7.9
2016-10-04 15:00:00,7.7
2016-10-04 15:06:00,7.9
2016-10-04 15:12:00,7.3
2016-10-04 15:18:00,7.2
2016-10-04 15:24:00,7.8
2016-10-04 15:30:00,6.9
2016-10-04 15:36:00,7.2
2016-10-04 15:42:00,7.6
2016-10-04 15:48:00,7.9
2016-10-04 15:54:00,7.6
2016-10-04 16:00:00,8.7
2016-10-04 16:06:00,8.0
2016-10-04 16:12:00,8.5
2016-10-04 16:18:00,8.6
2016-10-04 16:24:00,7.5
2016-10-04 16:30:00,8.1
2016-10-04 16:36:00,7.6
2016-10-04 16:42:00,8.0
2016-10-04 16:48:00,7.1
2016-10-04 16:54:00,7.4
2016-10-04 17:00:00,7.4
2016-10-04 17:06:00,7.5
2016-10-04 17:12:00,8.1
2016-10-04 17:18:00,7.5
2016-10-04 17:24:00,7.7
2016-10-04 17:30:00,7.5
2016-10-04 17:36:00,6.9
2016-10-04 17:42:00,6.9
2016-10-04 17:48:00,7.7
2016-10-04 17:54:00,6.9
2016-10-04 18:00:00,6.9
2016-10-04 18:06:00,6.7
2016-10-04 18:12:00,7.7
2016-10-04 18:18:00,8.1
2016-10-04 18:24:00,7.4
2016-10-04 18:30:00,7.7
2016-10-04 18:36:00,7.3
2016-10-04 18:42:00,6.3
2016-10-04 18:48:00,7.2
2016-10-04 18:54:00,7.3
2016-10-04 19:00:00,7.2
2016-10-04 19:06:00,6.4
2016-10-04 19:12:00,6.9
2016-10-04 19:18:00,6.5
2016-10-04 19:24:00,6.8
2016-10-04 19:30:00,5.6
2016-10-04 19:36:00,5.7
2016-10-04 19:42:00,6.0
2016-10-04 19:48:00,6.0
2016-10-04 19:54:00,5.5
2016-10-04 20:00:00,5.5
2016-10-04 20:06:00,6.1
2016-10-04 20:12:00,5.3
2016-10-04 20:18:00,5.4
2016-10-04 20:24:00,5.4
2016-10-04 20:30:00,5.4
2016-10-04 20:36:00,4.7
2016-10-04 20:42:00,5.1
2016-10-04 20:48:00,4.9
2016-10-04 20:54:00,5.4
2016-10-04 21:00:00,4.1
2016-10-04 21:06:00,5.1
2016-10-04 21:12:00,4.6
2016-10-04 21:18:00,4.1
2016-10-04 21:24:00,4.2
2016-10-04 21:30:00,4.5
2016-10-04 21:36:00,4.2
2016-10-04 21:42:00,6.7
2016-10-04 21:48:00,5.2
2016-10-04 21:54:00,4.1
2016-10-04 22:00:00,2.7
2016-10-04 22:06:00,4.1
2016-10-04 22:12:00,5.1
2016-10-04 22:18:00,3.9
2016-10-04 22:24:00,3.5
2016-10-04 22:30:00,2.8
2016-10-04 22:36:00,3.8
2016-10-04 22:42:00,4.4
2016-10-04 22:48:00,4.1
2016-10-04 22:54:00,3.5
2016-10-04 23:00:00,2.8
2016-10-04 23:06:00,2.8
2016-10-04 23:12:00,3.3
2016-10-04 23:18:00,2.4
2016-10-04 23:24:00,3.4
2016-10-04 23:30:00,3.4
2016-10-04 23:36:00,3.5
2016-10-04 23:42:00,3.6
2016-10-04 23:48:00,3.1
2016-10-04 23:54:00,2.7
2016-10-05 00:00:00,1.9
2016-10-05 00:06:00,2.2
2016-10-05 00:12:00,2.1
2016-10-05 00:18:00,2.1
2016-10-05 00:24:00,1.9
2016-10-05 00:30:00,2.2
2016-10-05 00:36:00,2.6
2016-10-05 00:42:00,2.5
2016-10-05 00:48:00,3.3
2016-10-05 00:54:00,3.0
2016-10-05 01:00:00,2.3
2016-10-05 01:06:00,3.1
2016-10-05 01:12:00,2.8
2016-10-05 01:18:00,2.5
2016-10-05 01:24:00,2.0
2016-10-05 01:30:00,1.8
2016-10-05 01:36:00,2.0
2016-10-05 01:42:00,1.6
2016-10-05 01:48:00,1.9
2016-10-05 01:54:00,2.1
2016-10-05 02:00:00,2.0
2016-10-05 02:06:00,1.8
2016-10-05 02:12:00,2.2
2016-10-05 02:18:00,2.4
2016-10-05 02:24:00,3.0
2016-10-05 02:30:00,2.8
2016-10-05 02:36:00,3.4
2016-10-05 02:42:00,2.7
2016-10-05 02:48:00,2.7
2016-10-05 02:54:00,2.4
2016-10-05 03:00:00,2.3
2016-10-05 03:06:00,2.7
2016-10-05 03:12:00,2.7
2016-10-05 03:18:00,2.8
2016-10-05 03:24:00,3.1
2016-10-05 03:30:00,3.0
2016-10-05 03:36:00,3.4
2016-10-05 03:42:00,3.4
2016-10-05 03:48:00,2.5
2016-10-05 03:54:00,2.5
2016-10-05 04:00:00,2.9
2016-10-05 04:06:00,2.6
2016-10-05 04:12:00,1.6
2016-10-05 04:18:00,1.7
2016-10-05 04:24:00,1.8
2016-10-05 04:30:00,1.4
2016-10-05 04:36:00,1.3
2016-10-05 04:42:00,1.3
2016-10-05 04:48:00,1.4
2016-10-05 04:54:00,1.8
2016-10-05 05:00:00,2.1
2016-10-05 05:06:00,1.9
2016-10-05 05:12:00,1.7
2016-10-05 05:18:00,1.8
2016-10-05 05:24:00,2.2
2016-10-05 05:30:00,1.8
2016-10-05 05:36:00,1.4
2016-10-05 05:42:00,1.4
2016-10-05 05:48:00,1.5
2016-10-05 05:54:00,1.7
2016-10-05 06:00:00,1.5
2016-10-05 06:06:00,1.5
2016-10-05 06:12:00,1.7
2016-10-05 06:18:00,1.6
2016-10-05 06:24:00,2.1
2016-10-05 06:30:00,2.1
2016-10-05 06:36:00,2.4
2016-10-05 06:42:00,2.9
2016-10-05 06:48:00,3.0
2016-10-05 06:54:00,3.5
2016-10-05 07:00:00,3.8
2016-10-05 07:06:00,3.0
2016-10-05 07:12:00,3.4
2016-10-05 07:18:00,2.2
2016-10-05 07:24:00,2.7
2016-10-05 07:30:00,2.4
2016-10-05 07:36:00,2.5
2016-10-05 07:42:00,2.5
2016-10-05 07:48:00,1.7
2016-10-05 07:54:00,1.5
2016-10-05 08:00:00,1.2
2016-10-05 08:06:00,2.6
2016-10-05 08:12:00,3.1
2016-10-05 08:18:00,3.0
2016-10-05 08:24:00,3.6
2016-10-05 08:30:00,3.6
2016-10-05 08:36:00,3.8
2016-10-05 08:42:00,4.4
2016-10-05 08:48:00,5.2
2016-10-05 08:54:00,4.7
2016-10-05 09:00:00,5.6
2016-10-05 09:06:00,4.7
2016-10-05 09:12:00,5.0
2016-10-05 09:18:00,5.2
2016-10-05 09:24:00,4.3
2016-10-05 09:30:00,4.1
2016-10-05 09:36:00,6.3
2016-10-05 09:42:00,5.6
2016-10-05 09:48:00,5.2
2016-10-05 09:54:00,3.8
2016-10-05 10:00:00,4.0
2016-10-05 10:06:00,5.1
2016-10-05 10:12:00,4.3
2016-10-05 10:18:00,4.5
2016-10-05 10:24:00,4.7
2016-10-05 10:30:00,4.5
2016-10-05 10:36:00,4.2
2016-10-05 10:42:00,5.4
2016-10-05 10:48:00,4.9
2016-10-05 10:54:00,5.3
2016-10-05 11:00:00,4.6
2016-10-05 11:06:00,5.4
2016-10-05 11:12:00,3.7
2016-10-05 11:18:00,5.1
2016-10-05 11:24:00,4.2
2016-10-05 11:30:00,6.0
2016-10-05 11:36:00,5.4
2016-10-05 11:42:00,6.1
2016-10-05 11:48:00,6.4
2016-10-05 11:54:00,6.2
2016-10-05 12:00:00,8.1
2016-10-05 12:06:00,7.4
2016-10-05 12:12:00,6.3
2016-10-05 12:18:00,6.9
2016-10-05 12:24:00,8.1
2016-10-05 12:30:00,7.3
2016-10-05 12:36:00,7.0
2016-10-05 12:42:00,8.5
2016-10-05 12:48:00,7.5
2016-10-05 12:54:00,8.9
2016-10-05 13:00:00,7.9
2016-10-05 13:06:00,7.0
2016-10-05 13:12:00,8.5
2016-10-05 13:18:00,7.7
2016-10-05 13:24:00,7.1
2016-10-05 13:30:00,8.4
2016-10-05 13:36:00,7.1
2016-10-05 13:42:00,7.1
2016-10-05 13:48:00,7.4
2016-10-05 13:54:00,8.1
2016-10-05 14:00:00,8.6
2016-10-05 14:06:00,8.2
2016-10-05 14:12:00,8.1
2016-10-05 14:18:00,7.3
2016-10-05 14:24:00,5.2
2016-10-05 14:30:00,7.8
2016-10-05 14:36:00,9.0
2016-10-05 14:42:00,6.5
2016-10-05 14:48:00,7.9
2016-10-05 14:54:00,6.5
2016-10-05 15:00:00,6.2
2016-10-05 15:06:00,7.8
2016-10-05 15:12:00,6.6
2016-10-05 15:18:00,4.7
2016-10-05 15:24:00,5.0
2016-10-05 15:30:00,4.4
2016-10-05 15:36:00,4.8
2016-10-05 15:42:00,4.4
2016-10-05 15:48:00,4.1
2016-10-05 15:54:00,4.5
2016-10-05 16:00:00,4.6
2016-10-05 16:06:00,5.2
2016-10-05 16:12:00,4.9
2016-10-05 16:18:00,4.2
2016-10-05 16:24:00,4.4
2016-10-05 16:30:00,5.4
2016-10-05 16:36:00,4.7
2016-10-05 16:42:00,5.2
2016-10-05 16:48:00,4.9
2016-10-05 16:54:00,6.3
2016-10-05 17:00:00,6.2
2016-10-05 17:06:00,4.2
2016-10-05 17:12:00,5.1
2016-10-05 17:18:00,5.4
2016-10-05 17:24:00,4.9
2016-10-05 17:30:00,4.9
2016-10-05 17:36:00,4.3
2016-10-05 17:42:00,6.4
2016-10-05 17:48:00,6.4
2016-10-05 17:54:00,6.4
2016-10-05 18:00:00,5.4
2016-10-05 18:06:00,4.1
2016-10-05 18:12:00,6.5
2016-10-05 18:18:00,4.6
2016-10-05 18:24:00,6.9
2016-10-05 18:30:00,4.6
2016-10-05 18:36:00,6.5
2016-10-05 18:42:00,4.6
2016-10-05 18:48:00,6.5
2016-10-05 18:54:00,4.7
2016-10-05 19:00:00,5.8
2016-10-05 19:06:00,6.7
2016-10-05 19:12:00,5.4
2016-10-05 19:18:00,5.7
2016-10-05 19:24:00,6.7
2016-10-05 19:30:00,5.5
2016-10-05 19:36:00,4.8
2016-10-05 19:42:00,6.1
2016-10-05 19:48:00,5.8
2016-10-05 19:54:00,5.4
2016-10-05 20:00:00,5.8
2016-10-05 20:06:00,6.3
2016-10-05 20:12:00,6.4
2016-10-05 20:18:00,5.7
2016-10-05 20:24:00,5.5
2016-10-05 20:30:00,4.7
2016-10-05 20:36:00,5.3
2016-10-05 20:42:00,5.0
2016-10-05 20:48:00,6.1
2016-10-05 20:54:00,3.9
2016-10-05 21:00:00,5.1
2016-10-05 21:06:00,5.4
2016-10-05 21:12:00,4.7
2016-10-05 21:18:00,5.0
2016-10-05 21:24:00,4.8
2016-10-05 21:30:00,4.9
2016-10-05 21:36:00,4.7
2016-10-05 21:42:00,4.5
2016-10-05 21:48:00,4.5
2016-10-05 21:54:00,4.0
2016-10-05 22:00:00,4.1
2016-10-05 22:06:00,4.2
2016-10-05 22:12:00,4.6
2016-10-05 22:18:00,2.9
2016-10-05 22:24:00,3.7
2016-10-05 22:30:00,4.0
2016-10-05 22:36:00,3.7
2016-10-05 22:42:00,4.2
2016-10-05 22:48:00,4.4
2016-10-05 22:54:00,4.0
2016-10-05 23:00:00,4.1
2016-10-05 23:06:00,2.7
2016-10-05 23:12:00,3.7
2016-10-05 23:18:00,3.5
2016-10-05 23:24:00,3.3
2016-10-05 23:30:00,3.9
2016-10-05 23:36:00,3.8
2016-10-05 23:42:00,3.3
2016-10-05 23:48:00,4.0
2016-10-05 23:54:00,4.1
2016-10-06 00:00:00,4.4
2016-10-06 00:06:00,4.1
2016-10-06 00:12:00,4.5
2016-10-06 00:18:00,4.0
2016-10-06 00:24:00,4.2
2016-10-06 00:30:00,4.0
2016-10-06 00:36:00,3.5
2016-10-06 00:42:00,2.9
2016-10-06 00:48:00,2.6
2016-10-06 00:54:00,3.4
2016-10-06 01:00:00,3.2
2016-10-06 01:06:00,2.8
2016-10-06 01:12:00,2.2
2016-10-06 01:18:00,2.2
2016-10-06 01:24:00,2.3
2016-10-06 01:30:00,3.1
2016-10-06 01:36:00,2.6
2016-10-06 01:42:00,3.2
2016-10-06 01:48:00,3.2
2016-10-06 01:54:00,3.3
2016-10-06 02:00:00,2.9
2016-10-06 02:06:00,3.2
2016-10-06 02:12:00,3.6
2016-10-06 02:18:00,3.8
2016-10-06 02:24:00,3.4
2016-10-06 02:30:00,3.4
2016-10-06 02:36:00,3.2
2016-10-06 02:42:00,2.6
2016-10-06 02:48:00,2.9
2016-10-06 02:54:00,2.5
2016-10-06 03:00:00,2.9
2016-10-06 03:06:00,3.0
2016-10-06 03:12:00,3.2
2016-10-06 03:18:00,3.2
2016-10-06 03:24:00,2.7
2016-10-06 03:30:00,3.2
2016-10-06 03:36:00,3.0
2016-10-06 03:42:00,3.4
2016-10-06 03:48:00,3.6
2016-10-06 03:54:00,3.4
2016-10-06 04:00:00,2.4
2016-10-06 04:06:00,2.4
2016-10-06 04:12:00,2.3
2016-10-06 04:18:00,2.2
2016-10-06 04:24:00,2.2
2016-10-06 04:30:00,1.9
2016-10-06 04:36:00,1.5
2016-10-06 04:42:00,1.6
2016-10-06 04:48:00,1.3
2016-10-06 04:54:00,1.8
2016-10-06 05:00:00,2.1
2016-10-06 05:06:00,1.6
2016-10-06 05:12:00,1.9
2016-10-06 05:18:00,1.7
2016-10-06 05:24:00,1.7
2016-10-06 05:30:00,1.7
2016-10-06 05:36:00,2.0
2016-10-06 05:42:00,2.7
2016-10-06 05:48:00,2.3
2016-10-06 05:54:00,2.5
2016-10-06 06:00:00,4.8
2016-10-06 06:06:00,2.6
2016-10-06 06:12:00,2.6
2016-10-06 06:18:00,2.1
2016-10-06 06:24:00,2.1
2016-10-06 06:30:00,2.1
2016-10-06 06:36:00,2.4
2016-10-06 06:42:00,2.2
2016-10-06 06:48:00,2.5
2016-10-06 06:54:00,2.4
2016-10-06 07:00:00,2.2
2016-10-06 07:06:00,2.3
2016-10-06 07:12:00,2.6
2016-10-06 07:18:00,2.0
2016-10-06 07:24:00,2.6
2016-10-06 07:30:00,2.0
2016-10-06 07:36:00,2.2
2016-10-06 07:42:00,2.2
2016-10-06 07:48:00,2.3
2016-10-06 07:54:00,2.3
2016-10-06 08:00:00,2.3
2016-10-06 08:06:00,2.1
2016-10-06 08:12:00,2.4
2016-10-06 08:18:00,2.2
2016-10-06 08:24:00,2.1
2016-10-06 08:30:00,2.6
2016-10-06 08:36:00,2.5
2016-10-06 08:42:00,2.0
2016-10-06 08:48:00,1.7
2016-10-06 08:54:00,1.6
2016-10-06 09:00:00,1.8
2016-10-06 09:06:00,1.8
2016-10-06 09:12:00,2.0
2016-10-06 09:18:00,1.9
2016-10-06 09:24:00,1.7
2016-10-06 09:30:00,2.2
2016-10-06 09:36:00,2.4
2016-10-06 09:42:00,2.5
2016-10-06 09:48:00,2.0
2016-10-06 09:54:00,1.8
2016-10-06 10:00:00,2.2
2016-10-06 10:06:00,1.9
2016-10-06 10:12:00,1.9
2016-10-06 10:18:00,2.2
2016-10-06 10:24:00,2.0
2016-10-06 10:30:00,1.7
2016-10-06 10:36:00,1.4
2016-10-06 10:42:00,1.6
2016-10-06 10:48:00,1.5
2016-10-06 10:54:00,2.7
2016-10-06 11:00:00,2.9
2016-10-06 11:06:00,2.1
2016-10-06 11:12:00,2.0
2016-10-06 11:18:00,3.4
2016-10-06 11:24:00,2.2
2016-10-06 11:30:00,2.0
2016-10-06 11:36:00,3.1
2016-10-06 11:42:00,3.5
2016-10-06 11:48:00,3.6
2016-10-06 11:54:00,3.9
2016-10-06 12:00:00,4.0
2016-10-06 12:06:00,4.8
2016-10-06 12:12:00,4.6
2016-10-06 12:18:00,4.1
2016-10-06 12:24:00,4.7
2016-10-06 12:30:00,4.4
2016-10-06 12:36:00,3.4
2016-10-06 12:42:00,4.0
2016-10-06 12:48:00,4.7
2016-10-06 12:54:00,3.4
2016-10-06 13:00:00,3.9
2016-10-06 13:06:00,4.8
2016-10-06 13:12:00,4.9
2016-10-06 13:18:00,4.5
2016-10-06 13:24:00,4.9
2016-10-06 13:30:00,5.8
2016-10-06 13:36:00,5.3
2016-10-06 13:42:00,5.3
2016-10-06 13:48:00,5.7
2016-10-06 13:54:00,4.4
2016-10-06 14:00:00,4.5
2016-10-06 14:06:00,6.4
2016-10-06 14:12:00,4.4
2016-10-06 14:18:00,6.3
2016-10-06 14:24:00,7.2
2016-10-06 14:30:00,5.7
2016-10-06 14:36:00,7.2
2016-10-06 14:42:00,6.8
2016-10-06 14:48:00,7.2
2016-10-06 14:54:00,5.4
2016-10-06 15:00:00,8.1
2016-10-06 15:06:00,6.0
2016-10-06 15:12:00,5.3
2016-10-06 15:18:00,6.8
2016-10-06 15:24:00,6.0
2016-10-06 15:30:00,6.7
2016-10-06 15:36:00,5.5
2016-10-06 15:42:00,6.9
2016-10-06 15:48:00,6.6
2016-10-06 15:54:00,7.5
2016-10-06 16:00:00,5.5
2016-10-06 16:06:00,6.8
2016-10-06 16:12:00,7.9
2016-10-06 16:18:00,6.6
2016-10-06 16:24:00,5.5
2016-10-06 16:30:00,6.9
2016-10-06 16:36:00,8.2
2016-10-06 16:42:00,7.5
2016-10-06 16:48:00,6.4
2016-10-06 16:54:00,7.1
2016-10-06 17:00:00,4.7
2016-10-06 17:06:00,5.7
2016-10-06 17:12:00,4.6
2016-10-06 17:18:00,5.7
2016-10-06 17:24:00,6.9
2016-10-06 17:30:00,7.2
2016-10-06 17:36:00,8.1
2016-10-06 17:42:00,5.3
2016-10-06 17:48:00,6.5
2016-10-06 17:54:00,6.5
2016-10-06 18:00:00,6.9
2016-10-06 18:06:00,7.1
2016-10-06 18:12:00,6.8
2016-10-06 18:18:00,6.4
2016-10-06 18:24:00,5.8
2016-10-06 18:30:00,7.1
2016-10-06 18:36:00,6.5
2016-10-06 18:42:00,6.8
2016-10-06 18:48:00,5.7
2016-10-06 18:54:00,8.1
2016-10-06 19:00:00,7.5
2016-10-06 19:06:00,5.6
2016-10-06 19:12:00,5.5
2016-10-06 19:18:00,6.2
2016-10-06 19:24:00,7.7
2016-10-06 19:30:00,6.2
2016-10-06 19:36:00,7.6
2016-10-06 19:42:00,5.7
2016-10-06 19:48:00,6.5
2016-10-06 19:54:00,6.2
2016-10-06 20:00:00,5.5
2016-10-06 20:06:00,4.1
2016-10-06 20:12:00,4.8
2016-10-06 20:18:00,5.3
2016-10-06 20:24:00,4.6
2016-10-06 20:30:00,4.6
2016-10-06 20:36:00,5.1
2016-10-06 20:42:00,5.6
2016-10-06 20:48:00,6.1
2016-10-06 20:54:00,4.5
2016-10-06 21:00:00,6.5
2016-10-06 21:06:00,5.1
2016-10-06 21:12:00,4.5
2016-10-06 21:18:00,3.8
2016-10-06 21:24:00,4.6
2016-10-06 21:30:00,4.6
2016-10-06 21:36:00,3.5
2016-10-06 21:42:00,5.3
2016-10-06 21:48:00,3.4
2016-10-06 21:54:00,4.3
2016-10-06 22:00:00,4.3
2016-10-06 22:06:00,3.5
2016-10-06 22:12:00,3.4
2016-10-06 22:18:00,3.5
2016-10-06 22:24:00,2.7
2016-10-06 22:30:00,3.0
2016-10-06 22:36:00,3.9
2016-10-06 22:42:00,3.4
2016-10-06 22:48:00,3.6
2016-10-06 22:54:00,4.8
2016-10-06 23:00:00,2.8
2016-10-06 23:06:00,2.7
2016-10-06 23:12:00,2.5
2016-10-06 23:18:00,2.5
2016-10-06 23:24:00,2.6
2016-10-06 23:30:00,2.7
2016-10-06 23:36:00,3.3
2016-10-06 23:42:00,2.6
2016-10-06 23:48:00,3.1
2016-10-06 23:54:00,2.3
2016-10-07 00:00:00,3.0
2016-10-07 00:06:00,2.3
2016-10-07 00:12:00,2.3
2016-10-07 00:18:00,2.3
2016-10-07 00:24:00,1.5
2016-10-07 00:30:00,2.3
2016-10-07 00:36:00,1.9
2016-10-07 00:42:00,1.9
2016-10-07 00:48:00,2.2
2016-10-07 00:54:00,2.0
2016-10-07 01:00:00,2.0
2016-10-07 01:06:00,2.2
2016-10-07 01:12:00,2.3
2016-10-07 01:18:00,2.6
2016-10-07 01:24:00,2.4
2016-10-07 01:30:00,2.5
2016-10-07 01:36:00,2.1
2016-10-07 01:42:00,2.6
2016-10-07 01:48:00,2.2
2016-10-07 01:54:00,2.7
2016-10-07 02:00:00,2.3
2016-10-07 02:06:00,3.1
2016-10-07 02:12:00,2.9
2016-10-07 02:18:00,3.1
2016-10-07 02:24:00,3.3
2016-10-07 02:30:00,2.2
2016-10-07 02:36:00,2.2
2016-10-07 02:42:00,2.7
2016-10-07 02:48:00,2.7
2016-10-07 02:54:00,2.4
2016-10-07 03:00:00,2.4
2016-10-07 03:06:00,2.3
2016-10-07 03:12:00,2.2
2016-10-07 03:18:00,2.1
2016-10-07 03:24:00,2.5
2016-10-07 03:30:00,2.9
2016-10-07 03:36:00,2.7
2016-10-07 03:42:00,2.9
2016-10-07 03:48:00,3.2
2016-10-07 03:54:00,2.8
2016-10-07 04:00:00,3.3
2016-10-07 04:06:00,3.4
2016-10-07 04:12:00,2.9
2016-10-07 04:18:00,4.0
2016-10-07 04:24:00,3.7
2016-10-07 04:30:00,2.2
2016-10-07 04:36:00,2.2
2016-10-07 04:42:00,2.5
2016-10-07 04:48:00,2.7
2016-10-07 04:54:00,3.0
2016-10-07 05:00:00,2.6
2016-10-07 05:06:00,3.4
2016-10-07 05:12:00,5.4
2016-10-07 05:18:00,3.7
2016-10-07 05:24:00,2.8
2016-10-07 05:30:00,2.5
2016-10-07 05:36:00,1.9
2016-10-07 05:42:00,2.3
2016-10-07 05:48:00,1.8
2016-10-07 05:54:00,2.4
2016-10-07 06:00:00,2.3
2016-10-07 06:06:00,2.7
2016-10-07 06:12:00,2.4
2016-10-07 06:18:00,2.4
2016-10-07 06:24:00,3.0
2016-10-07 06:30:00,2.4
2016-10-07 06:36:00,2.8
2016-10-07 06:42:00,2.7
2016-10-07 06:48:00,2.3
2016-10-07 06:54:00,2.1
2016-10-07 07:00:00,1.8
2016-10-07 07:06:00,1.9
2016-10-07 07:12:00,2.0
2016-10-07 07:18:00,2.4
2016-10-07 07:24:00,1.8
2016-10-07 07:30:00,1.6
2016-10-07 07:36:00,2.1
2016-10-07 07:42:00,2.0
2016-10-07 07:48:00,2.5
2016-10-07 07:54:00,1.8
2016-10-07 08:00:00,1.8
2016-10-07 08:06:00,1.7
2016-10-07 08:12:00,1.8
2016-10-07 08:18:00,3.3
2016-10-07 08:24:00,4.5
2016-10-07 08:30:00,2.5
2016-10-07 08:36:00,3.6
2016-10-07 08:42:00,2.4
2016-10-07 08:48:00,2.4
2016-10-07 08:54:00,2.3
2016-10-07 09:00:00,2.1
2016-10-07 09:06:00,1.6
2016-10-07 09:12:00,1.9
2016-10-07 09:18:00,1.8
2016-10-07 09:24:00,2.0
2016-10-07 09:30:00,2.0
2016-10-07 09:36:00,2.4
2016-10-07 09:42:00,2.6
2016-10-07 09:48:00,2.6
2016-10-07 09:54:00,2.7
2016-10-07 10:00:00,2.6
2016-10-07 10:06:00,2.4
2016-10-07 10:12:00,2.1
2016-10-07 10:18:00,2.3
2016-10-07 10:24:00,1.8
2016-10-07 10:30:00,2.1
2016-10-07 10:36:00,2.2
2016-10-07 10:42:00,2.5
2016-10-07 10:48:00,2.2
2016-10-07 10:54:00,2.7
2016-10-07 11:00:00,2.6
2016-10-07 11:06:00,2.9
2016-10-07 11:12:00,3.2
2016-10-07 11:18:00,3.3
2016-10-07 11:24:00,3.4
2016-10-07 11:30:00,3.5
2016-10-07 11:36:00,4.0
2016-10-07 11:42:00,2.8
2016-10-07 11:48:00,3.7
2016-10-07 11:54:00,4.6
2016-10-07 12:00:00,4.1
2016-10-07 12:06:00,5.7
2016-10-07 12:12:00,6.0
2016-10-07 12:18:00,3.9
2016-10-07 12:24:00,4.3
2016-10-07 12:30:00,4.7
2016-10-07 12:36:00,5.9
2016-10-07 12:42:00,6.2
2016-10-07 12:48:00,5.2
2016-10-07 12:54:00,6.0
2016-10-07 13:00:00,5.6
2016-10-07 13:06:00,4.8
2016-10-07 13:12:00,5.1
2016-10-07 13:18:00,5.4
2016-10-07 13:24:00,5.6
2016-10-07 13:30:00,6.4
2016-10-07 13:36:00,6.0
2016-10-07 13:42:00,5.9
2016-10-07 13:48:00,5.1
2016-10-07 13:54:00,6.0
2016-10-07 14:00:00,6.8
2016-10-07 14:06:00,5.2
2016-10-07 14:12:00,5.6
2016-10-07 14:18:00,5.5
2016-10-07 14:24:00,4.8
2016-10-07 14:30:00,6.0
2016-10-07 14:36:00,6.5
2016-10-07 14:42:00,5.9
2016-10-07 14:48:00,7.2
2016-10-07 14:54:00,5.7
2016-10-07 15:00:00,5.8
2016-10-07 15:06:00,6.8
2016-10-07 15:12:00,7.4
2016-10-07 15:18:00,7.2
2016-10-07 15:24:00,7.1
2016-10-07 15:30:00,6.4
2016-10-07 15:36:00,7.3
2016-10-07 15:42:00,6.6
2016-10-07 15:48:00,7.1
2016-10-07 15:54:00,5.7
2016-10-07 16:00:00,5.1
2016-10-07 16:06:00,4.7
2016-10-07 16:12:00,7.5
2016-10-07 16:18:00,5.2
2016-10-07 16:24:00,7.1
2016-10-07 16:30:00,5.8
2016-10-07 16:36:00,6.4
2016-10-07 16:42:00,6.1
2016-10-07 16:48:00,5.4
2016-10-07 16:54:00,4.5
2016-10-07 17:00:00,5.5
2016-10-07 17:06:00,6.0
2016-10-07 17:12:00,5.5
2016-10-07 17:18:00,5.4
2016-10-07 17:24:00,5.6
2016-10-07 17:30:00,6.0
2016-10-07 17:36:00,6.4
2016-10-07 17:42:00,6.4
2016-10-07 17:48:00,7.3
2016-10-07 17:54:00,8.0
2016-10-07 18:00:00,3.4
2016-10-07 18:06:00,4.5
2016-10-07 18:12:00,7.1
2016-10-07 18:18:00,7.7
2016-10-07 18:24:00,7.7
2016-10-07 18:30:00,5.7
2016-10-07 18:36:00,6.0
2016-10-07 18:42:00,6.9
2016-10-07 18:48:00,6.5
2016-10-07 18:54:00,5.6
2016-10-07 19:00:00,5.5
2016-10-07 19:06:00,5.3
2016-10-07 19:12:00,5.7
2016-10-07 19:18:00,5.7
2016-10-07 19:24:00,6.6
2016-10-07 19:30:00,7.9
2016-10-07 19:36:00,5.8
2016-10-07 19:42:00,4.6
2016-10-07 19:48:00,4.1
2016-10-07 19:54:00,4.0
2016-10-07 20:00:00,4.8
2016-10-07 20:06:00,4.6
2016-10-07 20:12:00,4.5
2016-10-07 20:18:00,4.0
2016-10-07 20:24:00,3.6
2016-10-07 20:30:00,4.9
2016-10-07 20:36:00,5.2
2016-10-07 20:42:00,4.2
2016-10-07 20:48:00,4.4
2016-10-07 20:54:00,3.7
2016-10-07 21:00:00,3.8
2016-10-07 21:06:00,4.2
2016-10-07 21:12:00,4.4
2016-10-07 21:18:00,3.7
2016-10-07 21:24:00,4.1
2016-10-07 21:30:00,4.1
2016-10-07 21:36:00,4.1
2016-10-07 21:42:00,2.9
2016-10-07 21:48:00,2.9
2016-10-07 21:54:00,3.5
2016-10-07 22:00:00,3.2
2016-10-07 22:06:00,3.9
2016-10-07 22:12:00,2.9
2016-10-07 22:18:00,2.8
2016-10-07 22:24:00,3.4
2016-10-07 22:30:00,3.6
2016-10-07 22:36:00,4.0
2016-10-07 22:42:00,5.0
2016-10-07 22:48:00,3.2
2016-10-07 22:54:00,3.8
2016-10-07 23:00:00,3.5
2016-10-07 23:06:00,3.5
2016-10-07 23:12:00,3.7
2016-10-07 23:18:00,4.1
2016-10-07 23:24:00,3.6
2016-10-07 23:30:00,4.4
2016-10-07 23:36:00,4.4
2016-10-07 23:42:00,4.1
2016-10-07 23:48:00,3.8
2016-10-07 23:54:00,4.9
2016-10-08 00:00:00,3.4
2016-10-08 00:06:00,3.6
2016-10-08 00:12:00,3.2
2016-10-08 00:18:00,5.3
2016-10-08 00:24:00,6.2
2016-10-08 00:30:00,5.6
2016-10-08 00:36:00,7.0
2016-10-08 00:42:00,6.2
2016-10-08 00:48:00,5.0
2016-10-08 00:54:00,3.9
2016-10-08 01:00:00,3.2
2016-10-08 01:06:00,3.4
2016-10-08 01:12:00,3.3
2016-10-08 01:18:00,3.1
2016-10-08 01:24:00,3.2
2016-10-08 01:30:00,3.1
2016-10-08 01:36:00,3.3
2016-10-08 01:42:00,3.3
2016-10-08 01:48:00,3.0
2016-10-08 01:54:00,3.7
2016-10-08 02:00:00,3.9
2016-10-08 02:06:00,3.9
2016-10-08 02:12:00,4.3
2016-10-08 02:18:00,3.3
2016-10-08 02:24:00,3.3
2016-10-08 02:30:00,3.0
2016-10-08 02:36:00,3.0
2016-10-08 02:42:00,3.3
2016-10-08 02:48:00,3.4
2016-10-08 02:54:00,3.5
2016-10-08 03:00:00,2.9
2016-10-08 03:06:00,3.3
2016-10-08 03:12:00,3.6
2016-10-08 03:18:00,3.7
2016-10-08 03:24:00,4.7
2016-10-08 03:30:00,6.2
2016-10-08 03:36:00,6.0
2016-10-08 03:42:00,8.4
2016-10-08 03:48:00,8.2
2016-10-08 03:54:00,7.0
2016-10-08 04:00:00,4.8
2016-10-08 04:06:00,4.3
2016-10-08 04:12:00,4.0
2016-10-08 04:18:00,3.6
2016-10-08 04:24:00,3.6
2016-10-08 04:30:00,3.9
2016-10-08 04:36:00,3.7
2016-10-08 04:42:00,3.3
2016-10-08 04:48:00,2.9
2016-10-08 04:54:00,2.7
2016-10-08 05:00:00,2.1
2016-10-08 05:06:00,2.5
2016-10-08 05:12:00,2.2
2016-10-08 05:18:00,2.3
2016-10-08 05:24:00,2.7
2016-10-08 05:30:00,3.1
2016-10-08 05:36:00,3.2
2016-10-08 05:42:00,2.9
2016-10-08 05:48:00,2.6
2016-10-08 05:54:00,2.4
2016-10-08 06:00:00,2.1
2016-10-08 06:06:00,1.8
2016-10-08 06:12:00,2.6
2016-10-08 06:18:00,2.7
2016-10-08 06:24:00,2.8
2016-10-08 06:30:00,3.0
2016-10-08 06:36:00,4.0
2016-10-08 06:42:00,3.3
2016-10-08 06:48:00,3.1
2016-10-08 06:54:00,2.8
2016-10-08 07:00:00,2.5
2016-10-08 07:06:00,2.7
2016-10-08 07:12:00,3.0
2016-10-08 07:18:00,3.1
2016-10-08 07:24:00,2.8
2016-10-08 07:30:00,2.2
2016-10-08 07:36:00,2.4
2016-10-08 07:42:00,2.1
2016-10-08 07:48:00,2.0
2016-10-08 07:54:00,2.5
2016-10-08 08:00:00,2.7
2016-10-08 08:06:00,2.9
2016-10-08 08:12:00,2.6
2016-10-08 08:18:00,2.5
2016-10-08 08:24:00,2.6
2016-10-08 08:30:00,2.2
2016-10-08 08:36:00,2.3
2016-10-08 08:42:00,2.0
2016-10-08 08:48:00,3.1
2016-10-08 08:54:00,2.6
2016-10-08 09:00:00,2.6
2016-10-08 09:06:00,3.1
2016-10-08 09:12:00,2.6
2016-10-08 09:18:00,3.0
2016-10-08 09:24:00,3.0
2016-10-08 09:30:00,3.7
2016-10-08 09:36:00,3.4
2016-10-08 09:42:00,4.2
2016-10-08 09:48:00,5.1
2016-10-08 09:54:00,4.2
2016-10-08 10:00:00,3.7
2016-10-08 10:06:00,4.8
2016-10-08 10:12:00,4.3
2016-10-08 10:18:00,4.2
2016-10-08 10:24:00,4.2
2016-10-08 10:30:00,3.9
2016-10-08 10:36:00,4.5
2016-10-08 10:42:00,3.7
2016-10-08 10:48:00,3.9
2016-10-08 10:54:00,4.3
2016-10-08 11:00:00,3.4
2016-10-08 11:06:00,4.8
2016-10-08 11:12:00,5.6
2016-10-08 11:18:00,5.1
2016-10-08 11:24:00,5.4
2016-10-08 11:30:00,5.2
2016-10-08 11:36:00,4.5
2016-10-08 11:42:00,5.5
2016-10-08 11:48:00,5.1
2016-10-08 11:54:00,6.3
2016-10-08 12:00:00,6.8
2016-10-08 12:06:00,6.0
2016-10-08 12:12:00,7.0
2016-10-08 12:18:00,5.1
2016-10-08 12:24:00,6.8
2016-10-08 12:30:00,6.9
2016-10-08 12:36:00,5.5
2016-10-08 12:42:00,7.9
2016-10-08 12:48:00,7.2
2016-10-08 12:54:00,7.7
2016-10-08 13:00:00,8.0
2016-10-08 13:06:00,8.6
2016-10-08 13:12:00,8.3
2016-10-08 13:18:00,7.2
2016-10-08 13:24:00,6.5
2016-10-08 13:30:00,6.6
2016-10-08 13:36:00,6.7
2016-10-08 13:42:00,7.4
2016-10-08 13:48:00,6.7
2016-10-08 13:54:00,7.2
2016-10-08 14:00:00,7.2
2016-10-08 14:06:00,7.3
2016-10-08 14:12:00,6.3
2016-10-08 14:18:00,7.1
2016-10-08 14:24:00,7.0
2016-10-08 14:30:00,7.5
2016-10-08 14:36:00,6.9
2016-10-08 14:42:00,7.4
2016-10-08 14:48:00,7.3
2016-10-08 14:54:00,6.5
2016-10-08 15:00:00,6.8
2016-10-08 15:06:00,6.8
2016-10-08 15:12:00,7.0
2016-10-08 15:18:00,6.5
2016-10-08 15:24:00,6.6
2016-10-08 15:30:00,6.2
2016-10-08 15:36:00,6.3
2016-10-08 15:42:00,6.7
2016-10-08 15:48:00,6.4
2016-10-08 15:54:00,6.2
2016-10-08 16:00:00,5.9
2016-10-08 16:06:00,6.4
2016-10-08 16:12:00,6.2
2016-10-08 16:18:00,5.9
2016-10-08 16:24:00,5.8
2016-10-08 16:30:00,5.1
2016-10-08 16:36:00,5.3
2016-10-08 16:42:00,4.8
2016-10-08 16:48:00,5.3
2016-10-08 16:54:00,5.7
2016-10-08 17:00:00,5.4
2016-10-08 17:06:00,6.1
2016-10-08 17:12:00,5.7
2016-10-08 17:18:00,5.8
2016-10-08 17:24:00,6.7
2016-10-08 17:30:00,6.8
2016-10-08 17:36:00,6.7
2016-10-08 17:42:00,7.3
2016-10-08 17:48:00,6.6
2016-10-08 17:54:00,6.6
2016-10-08 18:00:00,6.8
2016-10-08 18:06:00,6.8
2016-10-08 18:12:00,6.6
2016-10-08 18:18:00,6.8
2016-10-08 18:24:00,7.0
2016-10-08 18:30:00,6.6
2016-10-08 18:36:00,6.8
2016-10-08 18:42:00,7.0
2016-10-08 18:48:00,6.7
2016-10-08 18:54:00,6.7
2016-10-08 19:00:00,8.2
2016-10-08 19:06:00,7.7
2016-10-08 19:12:00,7.5
2016-10-08 19:18:00,7.7
2016-10-08 19:24:00,7.4
2016-10-08 19:30:00,7.2
2016-10-08 19:36:00,6.4
2016-10-08 19:42:00,6.7
2016-10-08 19:48:00,5.9
2016-10-08 19:54:00,6.8
2016-10-08 20:00:00,7.1
2016-10-08 20:06:00,7.7
2016-10-08 20:12:00,7.4
2016-10-08 20:18:00,7.4
2016-10-08 20:24:00,6.9
2016-10-08 20:30:00,7.9
2016-10-08 20:36:00,6.9
2016-10-08 20:42:00,7.1
2016-10-08 20:48:00,6.0
2016-10-08 20:54:00,6.8
2016-10-08 21:00:00,6.8
2016-10-08 21:06:00,5.9
2016-10-08 21:12:00,7.2
2016-10-08 21:18:00,6.2
2016-10-08 21:24:00,4.9
2016-10-08 21:30:00,5.2
2016-10-08 21:36:00,4.8
2016-10-08 21:42:00,3.9
2016-10-08 21:48:00,4.9
2016-10-08 21:54:00,4.5
2016-10-08 22:00:00,4.7
2016-10-08 22:06:00,4.0
2016-10-08 22:12:00,4.6
2016-10-08 22:18:00,4.1
2016-10-08 22:24:00,4.2
2016-10-08 22:30:00,3.5
2016-10-08 22:36:00,3.0
2016-10-08 22:42:00,3.9
2016-10-08 22:48:00,4.2
2016-10-08 22:54:00,3.7
2016-10-08 23:00:00,3.7
2016-10-08 23:06:00,3.8
2016-10-08 23:12:00,3.5
2016-10-08 23:18:00,3.4
2016-10-08 23:24:00,3.5
2016-10-08 23:30:00,3.3
2016-10-08 23:36:00,3.8
2016-10-08 23:42:00,3.3
2016-10-08 23:48:00,4.2
2016-10-08 23:54:00,4.3
2016-10-09 00:00:00,5.1
2016-10-09 00:06:00,4.0
2016-10-09 00:12:00,4.1
2016-10-09 00:18:00,3.5
2016-10-09 00:24:00,3.2
2016-10-09 00:30:00,3.6
2016-10-09 00:36:00,5.2
2016-10-09 00:42:00,6.3
2016-10-09 00:48:00,6.9
2016-10-09 00:54:00,7.2
2016-10-09 01:00:00,5.9
2016-10-09 01:06:00,4.6
2016-10-09 01:12:00,3.9
2016-10-09 01:18:00,7.2
2016-10-09 01:24:00,6.0
2016-10-09 01:30:00,5.5
2016-10-09 01:36:00,3.9
2016-10-09 01:42:00,3.7
2016-10-09 01:48:00,4.4
2016-10-09 01:54:00,6.2
2016-10-09 02:00:00,5.4
2016-10-09 02:06:00,6.0
2016-10-09 02:12:00,6.9
2016-10-09 02:18:00,6.5
2016-10-09 02:24:00,7.1
2016-10-09 02:30:00,8.1
2016-10-09 02:36:00,6.4
2016-10-09 02:42:00,5.3
2016-10-09 02:48:00,7.2
2016-10-09 02:54:00,8.7
2016-10-09 03:00:00,8.1
2016-10-09 03:06:00,8.3
2016-10-09 03:12:00,8.1
2016-10-09 03:18:00,8.6
2016-10-09 03:24:00,10.0
2016-10-09 03:30:00,9.9
2016-10-09 03:36:00,9.9
2016-10-09 03:42:00,9.5
2016-10-09 03:48:00,9.2
2016-10-09 03:54:00,10.0
2016-10-09 04:00:00,8.8
2016-10-09 04:06:00,9.0
2016-10-09 04:12:00,8.8
2016-10-09 04:18:00,7.7
2016-10-09 04:24:00,12.4
2016-10-09 04:30:00,11.4
2016-10-09 04:36:00,10.3
2016-10-09 04:42:00,11.5
2016-10-09 04:48:00,10.7
2016-10-09 04:54:00,9.6
2016-10-09 05:00:00,9.3
2016-10-09 05:06:00,9.9
2016-10-09 05:12:00,8.0
2016-10-09 05:18:00,10.0
2016-10-09 05:24:00,10.2
2016-10-09 05:30:00,9.9
2016-10-09 05:36:00,7.9
2016-10-09 05:42:00,9.7
2016-10-09 05:48:00,8.0
2016-10-09 05:54:00,10.2
2016-10-09 06:00:00,10.3
2016-10-09 06:06:00,9.4
2016-10-09 06:12:00,9.1
2016-10-09 06:18:00,8.0
2016-10-09 06:24:00,8.9
2016-10-09 06:30:00,8.3
2016-10-09 06:36:00,10.7
2016-10-09 06:42:00,9.6
2016-10-09 06:48:00,10.2
2016-10-09 06:54:00,10.7
2016-10-09 07:00:00,8.9
2016-10-09 07:06:00,9.4
2016-10-09 07:12:00,9.0
2016-10-09 07:18:00,7.9
2016-10-09 07:24:00,6.3
2016-10-09 07:30:00,6.2
2016-10-09 07:36:00,6.0
2016-10-09 07:42:00,6.3
2016-10-09 07:48:00,8.7
2016-10-09 07:54:00,7.4
2016-10-09 08:00:00,7.7
2016-10-09 08:06:00,8.3
2016-10-09 08:12:00,8.2
2016-10-09 08:18:00,8.3
2016-10-09 08:24:00,7.4
2016-10-09 08:30:00,8.3
2016-10-09 08:36:00,8.7
2016-10-09 08:42:00,8.7
2016-10-09 08:48:00,8.2
2016-10-09 08:54:00,9.4
2016-10-09 09:00:00,9.0
2016-10-09 09:06:00,9.6
2016-10-09 09:12:00,9.5
2016-10-09 09:18:00,9.1
2016-10-09 09:24:00,8.2
2016-10-09 09:30:00,8.6
2016-10-09 09:36:00,8.5
2016-10-09 09:42:00,8.3
2016-10-09 09:48:00,8.0
2016-10-09 09:54:00,9.0
2016-10-09 10:00:00,8.8
2016-10-09 10:06:00,7.7
2016-10-09 10:12:00,8.2
2016-10-09 10:18:00,8.7
2016-10-09 10:24:00,8.8
2016-10-09 10:30:00,9.0
2016-10-09 10:36:00,7.8
2016-10-09 10:42:00,7.5
2016-10-09 10:48:00,8.0
2016-10-09 10:54:00,8.3
2016-10-09 11:00:00,8.5
2016-10-09 11:06:00,7.8
2016-10-09 11:12:00,8.2
2016-10-09 11:18:00,8.5
2016-10-09 11:24:00,7.9
2016-10-09 11:30:00,8.3
2016-10-09 11:36:00,8.3
2016-10-09 11:42:00,7.4
2016-10-09 11:48:00,8.0
2016-10-09 11:54:00,7.8
2016-10-09 12:00:00,7.6
2016-10-09 12:06:00,7.3
2016-10-09 12:12:00,7.5
2016-10-09 12:18:00,7.9
2016-10-09 12:24:00,8.1
2016-10-09 12:30:00,7.4
2016-10-09 12:36:00,7.8
2016-10-09 12:42:00,7.3
2016-10-09 12:48:00,7.4
2016-10-09 12:54:00,7.4
2016-10-09 13:00:00,7.7
2016-10-09 13:06:00,7.4
2016-10-09 13:12:00,7.3
2016-10-09 13:18:00,7.5
2016-10-09 13:24:00,7.4
2016-10-09 13:30:00,7.6
2016-10-09 13:36:00,7.5
2016-10-09 13:42:00,7.9
2016-10-09 13:48:00,7.0
2016-10-09 13:54:00,5.9
2016-10-09 14:00:00,6.7
2016-10-09 14:06:00,6.8
2016-10-09 14:12:00,7.4
2016-10-09 14:18:00,7.3
2016-10-09 14:24:00,7.4
2016-10-09 14:30:00,7.8
2016-10-09 14:36:00,5.9
2016-10-09 14:42:00,6.6
2016-10-09 14:48:00,6.9
2016-10-09 14:54:00,7.7
2016-10-09 15:00:00,8.0
2016-10-09 15:06:00,7.1
2016-10-09 15:12:00,6.7
2016-10-09 15:18:00,6.3
2016-10-09 15:24:00,5.9
2016-10-09 15:30:00,6.2
2016-10-09 15:36:00,6.6
2016-10-09 15:42:00,6.4
2016-10-09 15:48:00,5.4
2016-10-09 15:54:00,6.1
2016-10-09 16:00:00,6.0
2016-10-09 16:06:00,5.9
2016-10-09 16:12:00,5.5
2016-10-09 16:18:00,5.5
2016-10-09 16:24:00,5.7
2016-10-09 16:30:00,5.5
2016-10-09 16:36:00,5.7
2016-10-09 16:42:00,5.6
2016-10-09 16:48:00,5.5
2016-10-09 16:54:00,5.8
2016-10-09 17:00:00,5.4
2016-10-09 17:06:00,5.3
2016-10-09 17:12:00,8.0
2016-10-09 17:18:00,7.0
2016-10-09 17:24:00,6.9
2016-10-09 17:30:00,6.7
2016-10-09 17:36:00,6.9
2016-10-09 17:42:00,6.6
2016-10-09 17:48:00,7.1
2016-10-09 17:54:00,7.0
2016-10-09 18:00:00,5.8
2016-10-09 18:06:00,6.6
2016-10-09 18:12:00,6.5
2016-10-09 18:18:00,5.8
2016-10-09 18:24:00,5.8
2016-10-09 18:30:00,6.6
2016-10-09 18:36:00,6.5
2016-10-09 18:42:00,6.2
2016-10-09 18:48:00,6.6
2016-10-09 18:54:00,7.4
2016-10-09 19:00:00,7.0
2016-10-09 19:06:00,6.6
2016-10-09 19:12:00,6.7
2016-10-09 19:18:00,7.4
2016-10-09 19:24:00,6.9
2016-10-09 19:30:00,6.8
2016-10-09 19:36:00,6.8
2016-10-09 19:42:00,6.3
2016-10-09 19:48:00,6.9
2016-10-09 19:54:00,7.1
2016-10-09 20:00:00,6.8
2016-10-09 20:06:00,6.9
2016-10-09 20:12:00,7.0
2016-10-09 20:18:00,6.5
2016-10-09 20:24:00,6.9
2016-10-09 20:30:00,6.5
2016-10-09 20:36:00,6.4
2016-10-09 20:42:00,6.2
2016-10-09 20:48:00,6.1
2016-10-09 20:54:00,6.7
2016-10-09 21:00:00,6.5
2016-10-09 21:06:00,6.3
2016-10-09 21:12:00,6.2
2016-10-09 21:18:00,6.3
2016-10-09 21:24:00,5.9
2016-10-09 21:30:00,6.0
2016-10-09 21:36:00,5.8
2016-10-09 21:42:00,5.9
2016-10-09 21:48:00,5.9
2016-10-09 21:54:00,6.2
2016-10-09 22:00:00,6.6
2016-10-09 22:06:00,6.1
2016-10-09 22:12:00,5.9
2016-10-09 22:18:00,6.4
2016-10-09 22:24:00,6.4
2016-10-09 22:30:00,6.7
2016-10-09 22:36:00,6.0
2016-10-09 22:42:00,5.8
2016-10-09 22:48:00,5.7
2016-10-09 22:54:00,6.4
2016-10-09 23:00:00,6.4
2016-10-09 23:06:00,5.7
2016-10-09 23:12:00,6.2
2016-10-09 23:18:00,6.2
2016-10-09 23:24:00,5.8
2016-10-09 23:30:00,6.6
2016-10-09 23:36:00,5.5
2016-10-09 23:42:00,6.1
2016-10-09 23:48:00,6.1
2016-10-09 23:54:00,6.8
2016-10-10 00:00:00,6.7
2016-10-10 00:06:00,7.6
2016-10-10 00:12:00,6.4
2016-10-10 00:18:00,6.5
2016-10-10 00:24:00,5.2
2016-10-10 00:30:00,5.9
2016-10-10 00:36:00,5.8
2016-10-10 00:42:00,5.6
2016-10-10 00:48:00,5.6
2016-10-10 00:54:00,5.6
2016-10-10 01:00:00,5.6
2016-10-10 01:06:00,5.0
2016-10-10 01:12:00,5.0
2016-10-10 01:18:00,5.6
2016-10-10 01:24:00,5.5
2016-10-10 01:30:00,5.5
2016-10-10 01:36:00,6.0
2016-10-10 01:42:00,6.1
2016-10-10 01:48:00,6.0
2016-10-10 01:54:00,6.0
2016-10-10 02:00:00,6.0
2016-10-10 02:06:00,5.4
2016-10-10 02:12:00,6.3
2016-10-10 02:18:00,5.7
2016-10-10 02:24:00,5.7
2016-10-10 02:30:00,5.6
2016-10-10 02:36:00,5.6
2016-10-10 02:42:00,5.3
2016-10-10 02:48:00,5.8
2016-10-10 02:54:00,5.4
2016-10-10 03:00:00,5.6
2016-10-10 03:06:00,5.6
2016-10-10 03:12:00,5.8
2016-10-10 03:18:00,5.5
2016-10-10 03:24:00,6.0
2016-10-10 03:30:00,4.7
2016-10-10 03:36:00,5.3
2016-10-10 03:42:00,5.2
2016-10-10 03:48:00,5.0
2016-10-10 03:54:00,5.1
2016-10-10 04:00:00,4.8
2016-10-10 04:06:00,5.2
2016-10-10 04:12:00,4.9
2016-10-10 04:18:00,5.7
2016-10-10 04:24:00,5.8
2016-10-10 04:30:00,5.6
2016-10-10 04:36:00,5.8
2016-10-10 04:42:00,5.6
2016-10-10 04:48:00,5.8
2016-10-10 04:54:00,5.2
2016-10-10 05:00:00,5.6
2016-10-10 05:06:00,5.6
2016-10-10 05:12:00,6.1
2016-10-10 05:18:00,5.9
2016-10-10 05:24:00,5.7
2016-10-10 05:30:00,6.1
2016-10-10 05:36:00,6.6
2016-10-10 05:42:00,6.3
2016-10-10 05:48:00,6.3
2016-10-10 05:54:00,5.7
2016-10-10 06:00:00,6.0
2016-10-10 06:06:00,6.8
2016-10-10 06:12:00,7.1
2016-10-10 06:18:00,8.1
2016-10-10 06:24:00,7.5
2016-10-10 06:30:00,8.1
2016-10-10 06:36:00,7.8
2016-10-10 06:42:00,6.4
2016-10-10 06:48:00,5.9
2016-10-10 06:54:00,5.9
2016-10-10 07:00:00,5.2
2016-10-10 07:06:00,6.7
2016-10-10 07:12:00,6.1
2016-10-10 07:18:00,6.7
2016-10-10 07:24:00,5.5
2016-10-10 07:30:00,6.1
2016-10-10 07:36:00,5.7
2016-10-10 07:42:00,5.5
2016-10-10 07:48:00,6.1
2016-10-10 07:54:00,6.3
2016-10-10 08:00:00,6.6
2016-10-10 08:06:00,6.1
2016-10-10 08:12:00,6.1
2016-10-10 08:18:00,5.9
2016-10-10 08:24:00,6.5
2016-10-10 08:30:00,6.5
2016-10-10 08:36:00,6.1
2016-10-10 08:42:00,6.4
2016-10-10 08:48:00,5.7
2016-10-10 08:54:00,5.5
2016-10-10 09:00:00,5.1
2016-10-10 09:06:00,4.6
2016-10-10 09:12:00,5.1
2016-10-10 09:18:00,5.3
2016-10-10 09:24:00,5.8
2016-10-10 09:30:00,5.9
2016-10-10 09:36:00,6.5
2016-10-10 09:42:00,6.4
2016-10-10 09:48:00,5.9
2016-10-10 09:54:00,5.4
2016-10-10 10:00:00,5.7
2016-10-10 10:06:00,5.8
2016-10-10 10:12:00,5.9
2016-10-10 10:18:00,5.4
2016-10-10 10:24:00,6.0
2016-10-10 10:30:00,6.1
2016-10-10 10:36:00,6.6
2016-10-10 10:42:00,7.1
2016-10-10 10:48:00,6.8
2016-10-10 10:54:00,6.2
2016-10-10 11:00:00,6.2
2016-10-10 11:06:00,6.4
2016-10-10 11:12:00,6.0
2016-10-10 11:18:00,6.0
2016-10-10 11:24:00,6.1
2016-10-10 11:30:00,5.8
2016-10-10 11:36:00,5.7
2016-10-10 11:42:00,5.9
2016-10-10 11:48:00,6.3
2016-10-10 11:54:00,6.5
2016-10-10 12:00:00,6.7
2016-10-10 12:06:00,7.0
2016-10-10 12:12:00,6.5
2016-10-10 12:18:00,7.3
2016-10-10 12:24:00,7.1
2016-10-10 12:30:00,6.7
2016-10-10 12:36:00,6.6
2016-10-10 12:42:00,7.0
2016-10-10 12:48:00,7.5
2016-10-10 12:54:00,7.8
2016-10-10 13:00:00,7.9
2016-10-10 13:06:00,7.4
2016-10-10 13:12:00,7.7
2016-10-10 13:18:00,7.1
2016-10-10 13:24:00,7.9
2016-10-10 13:30:00,7.7
2016-10-10 13:36:00,7.6
2016-10-10 13:42:00,7.1
2016-10-10 13:48:00,7.5
2016-10-10 13:54:00,7.8
2016-10-10 14:00:00,7.1
2016-10-10 14:06:00,8.7
2016-10-10 14:12:00,7.6
2016-10-10 14:18:00,7.7
2016-10-10 14:24:00,8.2
2016-10-10 14:30:00,7.9
2016-10-10 14:36:00,8.2
2016-10-10 14:42:00,7.8
2016-10-10 14:48:00,7.7
2016-10-10 14:54:00,8.7
2016-10-10 15:00:00,8.5
2016-10-10 15:06:00,8.3
2016-10-10 15:12:00,8.2
2016-10-10 15:18:00,7.9
2016-10-10 15:24:00,7.7
2016-10-10 15:30:00,7.8
2016-10-10 15:36:00,7.9
2016-10-10 15:42:00,8.3
2016-10-10 15:48:00,8.6
2016-10-10 15:54:00,8.7
2016-10-10 16:00:00,9.1
2016-10-10 16:06:00,8.8
2016-10-10 16:12:00,9.3
2016-10-10 16:18:00,10.3
2016-10-10 16:24:00,9.8
2016-10-10 16:30:00,9.3
2016-10-10 16:36:00,9.3
2016-10-10 16:42:00,8.8
2016-10-10 16:48:00,9.3
2016-10-10 16:54:00,10.0
2016-10-10 17:00:00,8.9
2016-10-10 17:06:00,9.2
2016-10-10 17:12:00,9.5
2016-10-10 17:18:00,8.8
2016-10-10 17:24:00,8.9
2016-10-10 17:30:00,9.3
2016-10-10 17:36:00,9.6
2016-10-10 17:42:00,9.2
2016-10-10 17:48:00,8.9
2016-10-10 17:54:00,9.1
2016-10-10 18:00:00,9.7
2016-10-10 18:06:00,8.9
2016-10-10 18:12:00,10.2
2016-10-10 18:18:00,8.8
2016-10-10 18:24:00,8.1
2016-10-10 18:30:00,8.6
2016-10-10 18:36:00,7.9
2016-10-10 18:42:00,7.5
2016-10-10 18:48:00,8.6
2016-10-10 18:54:00,7.8
2016-10-10 19:00:00,7.7
2016-10-10 19:06:00,8.7
2016-10-10 19:12:00,7.3
2016-10-10 19:18:00,7.5
2016-10-10 19:24:00,7.7
2016-10-10 19:30:00,8.9
2016-10-10 19:36:00,10.7
2016-10-10 19:42:00,9.0
2016-10-10 19:48:00,9.6
2016-10-10 19:54:00,9.7
2016-10-10 20:00:00,8.9
2016-10-10 20:06:00,8.9
2016-10-10 20:12:00,9.2
2016-10-10 20:18:00,9.1
2016-10-10 20:24:00,9.5
2016-10-10 20:30:00,8.6
2016-10-10 20:36:00,9.1
2016-10-10 20:42:00,8.4
2016-10-10 20:48:00,8.0
2016-10-10 20:54:00,8.4
2016-10-10 21:00:00,7.7
2016-10-10 21:06:00,9.0
2016-10-10 21:12:00,8.7
2016-10-10 21:18:00,8.3
2016-10-10 21:24:00,8.8
2016-10-10 21:30:00,8.4
2016-10-10 21:36:00,7.9
2016-10-10 21:42:00,7.9
2016-10-10 21:48:00,7.2
2016-10-10 21:54:00,7.5
2016-10-10 22:00:00,8.0
2016-10-10 22:06:00,8.5
2016-10-10 22:12:00,8.6
2016-10-10 22:18:00,8.1
2016-10-10 22:24:00,7.9
2016-10-10 22:30:00,7.4
2016-10-10 22:36:00,7.4
2016-10-10 22:42:00,6.8
2016-10-10 22:48:00,7.3
2016-10-10 22:54:00,7.3
2016-10-10 23:00:00,7.2
2016-10-10 23:06:00,7.4
2016-10-10 23:12:00,7.2
2016-10-10 23:18:00,7.8
2016-10-10 23:24:00,7.0
2016-10-10 23:30:00,6.9
2016-10-10 23:36:00,6.9
2016-10-10 23:42:00,6.6
2016-10-10 23:48:00,5.9
2016-10-10 23:54:00,6.3
2016-10-11 00:00:00,5.8
2016-10-11 00:06:00,6.2
2016-10-11 00:12:00,6.2
2016-10-11 00:18:00,6.2
2016-10-11 00:24:00,5.8
2016-10-11 00:30:00,5.8
2016-10-11 00:36:00,5.6
2016-10-11 00:42:00,5.6
2016-10-11 00:48:00,5.6
2016-10-11 00:54:00,5.6
2016-10-11 01:00:00,6.1
2016-10-11 01:06:00,5.2
2016-10-11 01:12:00,5.1
2016-10-11 01:18:00,5.3
2016-10-11 01:24:00,5.4
2016-10-11 01:30:00,5.4
2016-10-11 01:36:00,4.5
2016-10-11 01:42:00,4.5
2016-10-11 01:48:00,4.5
2016-10-11 01:54:00,4.0
2016-10-11 02:00:00,4.4
2016-10-11 02:06:00,4.1
2016-10-11 02:12:00,4.3
2016-10-11 02:18:00,4.6
2016-10-11 02:24:00,4.1
2016-10-11 02:30:00,4.5
2016-10-11 02:36:00,5.3
2016-10-11 02:42:00,4.8
2016-10-11 02:48:00,5.1
2016-10-11 02:54:00,4.4
2016-10-11 03:00:00,4.6
2016-10-11 03:06:00,5.4
2016-10-11 03:12:00,5.9
2016-10-11 03:18:00,5.9
2016-10-11 03:24:00,5.7
2016-10-11 03:30:00,5.9
2016-10-11 03:36:00,6.0
2016-10-11 03:42:00,5.5
2016-10-11 03:48:00,5.9
2016-10-11 03:54:00,5.4
2016-10-11 04:00:00,5.5
2016-10-11 04:06:00,5.4
2016-10-11 04:12:00,6.3
2016-10-11 04:18:00,7.0
2016-10-11 04:24:00,5.1
2016-10-11 04:30:00,4.9
2016-10-11 04:36:00,4.8
2016-10-11 04:42:00,5.5
2016-10-11 04:48:00,5.1
2016-10-11 04:54:00,6.5
2016-10-11 05:00:00,4.3
2016-10-11 05:06:00,3.7
2016-10-11 05:12:00,4.1
2016-10-11 05:18:00,2.4
2016-10-11 05:24:00,2.1
2016-10-11 05:30:00,3.4
2016-10-11 05:36:00,3.0
2016-10-11 05:42:00,3.1
2016-10-11 05:48:00,3.7
2016-10-11 05:54:00,8.9
2016-10-11 06:00:00,7.6
2016-10-11 06:06:00,6.8
2016-10-11 06:12:00,6.7
2016-10-11 06:18:00,5.9
2016-10-11 06:24:00,5.4
2016-10-11 06:30:00,5.5
2016-10-11 06:36:00,4.6
2016-10-11 06:42:00,5.2
2016-10-11 06:48:00,5.3
2016-10-11 06:54:00,4.2
2016-10-11 07:00:00,4.5
2016-10-11 07:06:00,2.1
2016-10-11 07:12:00,2.2
2016-10-11 07:18:00,2.9
2016-10-11 07:24:00,2.4
2016-10-11 07:30:00,2.7
2016-10-11 07:36:00,2.7
2016-10-11 07:42:00,2.7
2016-10-11 07:48:00,2.2
2016-10-11 07:54:00,2.9
2016-10-11 08:00:00,3.1
2016-10-11 08:06:00,3.4
2016-10-11 08:12:00,5.6
2016-10-11 08:18:00,6.0
2016-10-11 08:24:00,5.9
2016-10-11 08:30:00,5.4
2016-10-11 08:36:00,6.1
2016-10-11 08:42:00,5.5
2016-10-11 08:48:00,3.2
2016-10-11 08:54:00,2.1
2016-10-11 09:00:00,5.6
2016-10-11 09:06:00,4.0
2016-10-11 09:12:00,4.4
2016-10-11 09:18:00,5.0
2016-10-11 09:24:00,4.8
2016-10-11 09:30:00,3.6
2016-10-11 09:36:00,4.6
2016-10-11 09:42:00,5.1
2016-10-11 09:48:00,2.9
2016-10-11 09:54:00,3.3
2016-10-11 10:00:00,2.9
2016-10-11 10:06:00,3.1
2016-10-11 10:12:00,3.0
2016-10-11 10:18:00,3.1
2016-10-11 10:24:00,3.2
2016-10-11 10:30:00,2.7
2016-10-11 10:36:00,2.8
2016-10-11 10:42:00,3.9
2016-10-11 10:48:00,3.2
2016-10-11 10:54:00,2.9
2016-10-11 11:00:00,5.1
2016-10-11 11:06:00,5.0
2016-10-11 11:12:00,5.1
2016-10-11 11:18:00,5.2
2016-10-11 11:24:00,3.3
2016-10-11 11:30:00,3.1
2016-10-11 11:36:00,3.6
2016-10-11 11:42:00,5.2
2016-10-11 11:48:00,5.3
2016-10-11 11:54:00,6.0
2016-10-11 12:00:00,5.3
2016-10-11 12:06:00,5.6
2016-10-11 12:12:00,5.7
2016-10-11 12:18:00,5.3
2016-10-11 12:24:00,4.9
2016-10-11 12:30:00,5.4
2016-10-11 12:36:00,5.2
2016-10-11 12:42:00,5.4
2016-10-11 12:48:00,5.5
2016-10-11 12:54:00,5.9
2016-10-11 13:00:00,5.3
2016-10-11 13:06:00,5.5
2016-10-11 13:12:00,5.6
2016-10-11 13:18:00,6.0
2016-10-11 13:24:00,5.6
2016-10-11 13:30:00,5.6
2016-10-11 13:36:00,5.5
2016-10-11 13:42:00,5.2
2016-10-11 13:48:00,5.7
2016-10-11 13:54:00,5.7
2016-10-11 14:00:00,5.9
2016-10-11 14:06:00,5.6
2016-10-11 14:12:00,6.1
2016-10-11 14:18:00,5.8
2016-10-11 14:24:00,5.5
2016-10-11 14:30:00,5.4
2016-10-11 14:36:00,5.8
2016-10-11 14:42:00,5.5
2016-10-11 14:48:00,5.4
2016-10-11 14:54:00,5.5
2016-10-11 15:00:00,6.2
2016-10-11 15:06:00,6.2
2016-10-11 15:12:00,4.9
2016-10-11 15:18:00,6.1
2016-10-11 15:24:00,6.3
2016-10-11 15:30:00,6.2
2016-10-11 15:36:00,6.2
2016-10-11 15:42:00,6.7
2016-10-11 15:48:00,6.4
2016-10-11 15:54:00,6.3
2016-10-11 16:00:00,5.9
2016-10-11 16:06:00,6.5
2016-10-11 16:12:00,5.9
2016-10-11 16:18:00,5.6
2016-10-11 16:24:00,5.7
2016-10-11 16:30:00,5.4
2016-10-11 16:36:00,6.2
2016-10-11 16:42:00,6.0
2016-10-11 16:48:00,6.4
2016-10-11 16:54:00,6.4
2016-10-11 17:00:00,6.7
2016-10-11 17:06:00,6.4
2016-10-11 17:12:00,6.0
2016-10-11 17:18:00,6.5
2016-10-11 17:24:00,6.7
2016-10-11 17:30:00,6.5
2016-10-11 17:36:00,6.0
2016-10-11 17:42:00,5.7
2016-10-11 17:48:00,6.0
2016-10-11 17:54:00,5.4
2016-10-11 18:00:00,6.4
2016-10-11 18:06:00,6.3
2016-10-11 18:12:00,5.9
2016-10-11 18:18:00,6.1
2016-10-11 18:24:00,6.3
2016-10-11 18:30:00,6.7
2016-10-11 18:36:00,7.2
2016-10-11 18:42:00,7.3
2016-10-11 18:48:00,6.2
2016-10-11 18:54:00,6.3
2016-10-11 19:00:00,6.5
2016-10-11 19:06:00,6.9
2016-10-11 19:12:00,6.8
2016-10-11 19:18:00,5.7
2016-10-11 19:24:00,6.3
2016-10-11 19:30:00,6.0
2016-10-11 19:36:00,6.7
2016-10-11 19:42:00,6.3
2016-10-11 19:48:00,5.6
2016-10-11 19:54:00,6.3
2016-10-11 20:00:00,5.7
2016-10-11 20:06:00,5.9
2016-10-11 20:12:00,6.0
2016-10-11 20:18:00,6.1
2016-10-11 20:24:00,6.4
2016-10-11 20:30:00,5.6
2016-10-11 20:36:00,5.7
2016-10-11 20:42:00,5.8
2016-10-11 20:48:00,5.6
2016-10-11 20:54:00,6.2
2016-10-11 21:00:00,5.7
2016-10-11 21:06:00,5.9
2016-10-11 21:12:00,5.3
2016-10-11 21:18:00,5.1
2016-10-11 21:24:00,5.3
2016-10-11 21:30:00,3.5
2016-10-11 21:36:00,5.9
2016-10-11 21:42:00,5.0
2016-10-11 21:48:00,4.1
2016-10-11 21:54:00,3.5
2016-10-11 22:00:00,3.2
2016-10-11 22:06:00,2.9
2016-10-11 22:12:00,3.9
2016-10-11 22:18:00,4.0
2016-10-11 22:24:00,3.2
2016-10-11 22:30:00,3.3
2016-10-11 22:36:00,3.5
2016-10-11 22:42:00,3.0
2016-10-11 22:48:00,3.3
2016-10-11 22:54:00,2.9
2016-10-11 23:00:00,2.9
2016-10-11 23:06:00,3.4
2016-10-11 23:12:00,3.2
2016-10-11 23:18:00,3.1
2016-10-11 23:24:00,3.2
2016-10-11 23:30:00,2.8
2016-10-11 23:36:00,2.4
2016-10-11 23:42:00,2.2
2016-10-11 23:48:00,2.4
2016-10-11 23:54:00,2.9
2016-10-12 00:00:00,3.0
